batsman,runs,ball,innings,dismissals,hundreds,fifties,thirties,highest_score,AVG,debut_year,final_year,matches
A Aravinddaraj,0,3,1,0,,,,0,0,2020/21,2020/21,1
A Ashish Reddy,135,130,12,11,,,1,37,12.27272727,2015/16,2018/19,12
A G Pradeep,51,59,5,5,,,,26,10.2,2015/16,2015/16,5
A Mithun,50,48,13,12,,,,18,4.166666667,2015/16,2020/21,13
A Mukund,170,141,7,5,,1,2,67,34,2015/16,2017/18,7
A Palkar,2,2,1,0,,,,2,2,2021/22,2021/22,1
A Prateek Reddy,3,13,2,2,,,,3,1.5,2022/23,2022/23,2
A Pratyush Kumar,24,29,1,0,,,,24,24,2018/19,2018/19,1
A Singhania,44,55,8,6,,,,18,7.333333333,2018/19,2020/21,8
AA Bamal,26,19,4,4,,,,18,6.5,2017/18,2017/18,4
AA Barot,348,223,11,11,1,1,,122,31.63636364,2015/16,2020/21,11
AA Chakraborty,4,9,3,1,,,,2,4,2017/18,2018/19,3
AA Herwadkar,262,224,11,11,,1,3,68,23.81818182,2015/16,2017/18,11
AA Kazi,61,56,4,4,,,1,36,15.25,2018/19,2018/19,4
AA Sanklecha,14,10,3,2,,,,11,7,2015/16,2015/16,3
AB Dinda,59,64,9,6,,,,22,9.833333333,2015/16,2020/21,9
AD Nath,700,599,34,24,,2,8,80,29.16666667,2015/16,2022/23,34
AG Jungade,6,9,1,1,,,,6,6,2015/16,2015/16,1
AG Paunikar,82,66,7,5,,,,23,16.4,2018/19,2018/19,7
AG Sehrawat,18,34,2,2,,,,13,9,2017/18,2017/18,2
AH Hooda,2,10,4,3,,,,2,0.666666667,2015/16,2018/19,4
AJ Kaushik,47,46,2,2,,,1,31,23.5,2018/19,2018/19,2
AKS Bains,96,93,5,4,,,1,33,24,2022/23,2022/23,5
AL Menaria,232,220,15,13,,2,,67,17.84615385,2015/16,2022/23,15
AM Nayar,135,100,6,3,,,2,49,45,2015/16,2015/16,6
AM Reddy,29,32,3,3,,,,16,9.666666667,2022/23,2022/23,3
AN Ahmed,85,83,14,11,,,,26,7.727272727,2015/16,2021/22,14
AN Ghosh,81,92,5,6,,,,26,13.5,2015/16,2017/18,5
AN Longchar,46,88,5,5,,,,23,9.2,2019/20,2019/20,5
AP Majumdar,144,114,7,5,,,3,48,28.8,2017/18,2020/21,7
AP Tare,1009,766,42,33,,4,10,82,30.57575758,2015/16,2022/23,42
AR Lamba,5,9,2,1,,,,3,5,2019/20,2021/22,2
AR Mokhade,1,2,1,1,,,,1,1,2022/23,2022/23,1
AR Pandey,104,90,7,8,,,1,33,13,2015/16,2023/24,7
AR Patel,484,385,18,13,,2,6,70,37.23076923,2017/18,2020/21,18
ARB Singh,20,30,3,2,,,,11,10,2017/18,2017/18,3
AS Karambelkar,24,20,3,2,,,,12,12,2017/18,2019/20,3
AS Rajpoot,23,33,6,3,,,,8,7.666666667,2017/18,2021/22,6
AS Raut,200,210,13,13,,,2,41,15.38461538,2015/16,2021/22,13
AS Surwar,15,12,2,1,,,,12,15,2017/18,2017/18,2
AS Thakare,1,2,1,1,,,,1,1,2020/21,2020/21,1
AUK Pathan,174,148,6,5,,1,1,81,34.8,2015/16,2015/16,6
AV Kolhar,125,111,6,4,,,1,45,31.25,2019/20,2019/20,6
AV Wankhade,784,601,31,23,,2,10,71,34.08695652,2015/16,2022/23,31
Aakarshit Gomel,2,5,1,1,,,,2,2,2020/21,2020/21,1
Aakash Verma,16,23,3,3,,,,10,5.333333333,2017/18,2017/18,3
Aamir Gani,4,11,2,2,,,,2,2,2015/16,2015/16,2
Aanshul Gupta,214,211,13,13,,,3,39,16.46153846,2015/16,2021/22,13
Aarya Desai,99,82,4,4,,,1,44,24.75,2023/24,2023/24,4
Abdul Basith,66,51,2,2,,1,,54,33,2022/23,2023/24,2
Abdul Samad,428,312,16,11,,1,6,76,38.90909091,2018/19,2023/24,16
Abhay,1,14,3,2,,,,1,0.5,2019/20,2019/20,3
Abhay Negi,173,127,13,10,,1,,50,17.3,2018/19,2020/21,13
Abhijeet Saket,0,2,2,2,,,,0,0,2019/20,2021/22,2
Abhijeet Tomar,37,63,4,4,,,,14,9.25,2017/18,2018/19,4
Abhijit Roy,21,32,2,2,,,,13,10.5,2015/16,2015/16,2
Abhijit Sarkar,8,9,4,3,,,,6,2.666666667,2017/18,2023/24,4
Abhilash Gogoi,20,23,4,3,,,,8,6.666666667,2019/20,2019/20,4
Abhilash Mallick,37,46,2,3,,,1,30,12.33333333,2015/16,2015/16,2
Abhimanyu Easwaran,569,445,20,14,1,3,5,107,40.64285714,2018/19,2023/24,20
Abhimanyu Rana,2,7,1,1,,,,2,2,2022/23,2022/23,1
Abhimanyusingh Rajput,125,97,5,4,,1,1,61,31.25,2020/21,2023/24,5
Abhinav Dixit,84,84,5,3,,,1,37,28,2018/19,2018/19,5
Abhinav Manohar,282,196,8,5,,2,2,70,56.4,2021/22,2023/24,8
Abhinav Srivastava,10,16,2,2,,,,9,5,2021/22,2021/22,2
Abhisek Das,142,146,7,6,,1,1,56,23.66666667,2015/16,2021/22,7
Abhishek Bhandari,109,87,6,6,,,2,46,18.16666667,2018/19,2019/20,6
Abhishek Goswami,178,159,8,9,,1,1,77,19.77777778,2020/21,2023/24,8
Abhishek Gupta,33,36,5,5,,,,18,6.6,2017/18,2017/18,5
Abhishek Mohan,20,20,3,2,,,,12,10,2017/18,2018/19,3
Abhishek Pandey,1,2,1,1,,,,1,1,2020/21,2020/21,1
Abhishek Sakuja,1,2,1,0,,,,1,1,2017/18,2017/18,1
Abhishek Sharma,20,29,6,1,,,,6,20,2017/18,2020/21,6
Abhishek Singh,5,3,1,0,,,,5,5,2021/22,2021/22,1
Abhishek Tanwar,6,7,2,0,,,,5,3,2018/19,2018/19,2
Abhishek Thakuri,116,131,8,7,,,1,35,16.57142857,2020/21,2022/23,8
Abhishek Yadav,249,220,14,12,,1,3,52,20.75,2015/16,2021/22,14
Abid Mushtaq,29,32,5,4,,,,19,7.25,2019/20,2023/24,5
Abishek Porel,23,16,1,1,,,,23,23,2023/24,2023/24,1
Achit Shigwan,59,51,6,6,,,,20,9.833333333,2017/18,2019/20,6
Adil Reshi,17,26,5,4,,,,8,4.25,2015/16,2018/19,5
Aditya,64,47,1,2,,1,,64,32,2018/19,2018/19,1
Aditya Garhwal,263,246,17,15,,,4,43,17.53333333,2017/18,2021/22,17
Aditya Kaushik,567,527,24,23,,4,4,78,24.65217391,2015/16,2022/23,24
Aditya Singh,541,460,19,19,,3,5,81,28.47368421,2015/16,2021/22,19
Aditya Waghmode,282,201,10,7,,2,3,82,40.28571429,2015/16,2019/20,10
Agni Chopra,113,68,3,3,,1,,76,37.66666667,2023/24,2023/24,3
Agniv Pan,44,56,3,2,,,,17,22,2019/20,2019/20,3
Ahmed Banday,88,96,8,8,,,,24,11,2015/16,2020/21,8
Ahmed Shah,60,65,10,10,,,,13,6,2018/19,2022/23,10
Ajay Pradhan,0,2,1,1,,,,0,0,2020/21,2020/21,1
Ajay Rohera,37,31,1,1,,,1,37,37,2023/24,2023/24,1
Ajay Sarkar,10,15,6,1,,,,5,10,2015/16,2021/22,6
Ajinkya Rahane,463,363,17,15,,4,3,76,30.86666667,2018/19,2023/24,17
Ajit Yadav,1066,692,37,23,,8,6,94,46.34782609,2015/16,2020/21,37
Akash Bhandari,112,109,13,9,,,,24,12.44444444,2015/16,2019/20,13
Akash Choudhary,29,59,7,3,,,,12,9.666666667,2018/19,2023/24,7
Akash Deep,49,40,8,4,,,,13,12.25,2018/19,2023/24,8
Akash Kargave,35,43,1,1,,,1,35,35,2022/23,2022/23,1
Akash Luitel,25,35,3,1,,,,12,25,2021/22,2021/22,3
Akash Madhwal,6,14,3,0,,,,5,2,2020/21,2021/22,3
Akash Pandey,3,11,3,2,,,,2,1.5,2020/21,2023/24,3
Akash Parkar,56,73,5,5,,,,22,11.2,2017/18,2020/21,5
Akash Raj,18,27,2,1,,,,15,18,2020/21,2020/21,2
Akash Sengupta,5,7,2,2,,,,4,2.5,2021/22,2023/24,2
Akash Singh,25,28,4,2,,,,13,12.5,2022/23,2022/23,4
Akash Sudan,0,3,1,1,,,,0,0,2015/16,2015/16,1
Akash Vasisht,105,70,3,3,,,2,43,35,2022/23,2022/23,3
Akhil Rajput,178,189,7,8,,1,2,59,22.25,2018/19,2018/19,7
Akhil Rawat,300,269,19,16,,1,3,70,18.75,2018/19,2021/22,19
Akshat Raghuwanshi,24,23,3,2,,,,16,12,2022/23,2022/23,3
Akshay Jain,0,2,1,0,,,,0,0,2022/23,2022/23,1
Akshay Karnewar,314,260,29,24,,,2,35,13.08333333,2015/16,2022/23,29
Akshay Wadkar,360,366,18,15,,2,3,63,24,2017/18,2022/23,18
Akshay Wakhare,11,19,8,5,,,,6,2.2,2015/16,2020/21,8
Al Bashid Muhammed,91,180,11,9,,,,24,10.11111111,2019/20,2023/24,11
Alok Sahoo,59,56,4,2,,,,19,29.5,2015/16,2015/16,4
Ambikeshwar Mishra,2,6,1,0,,,,2,2,2018/19,2018/19,1
Amiangshu Sen,76,98,10,7,,,,22,10.85714286,2018/19,2023/24,10
Amit Ali,21,21,4,4,,,,12,5.25,2021/22,2023/24,4
Amit Chopra,42,52,6,4,,,,15,10.5,2018/19,2018/19,6
Amit Mishra,95,87,21,13,,,,19,7.307692308,2015/16,2022/23,21
Amit Pachhara,83,85,6,5,,,1,37,16.6,2017/18,2021/22,6
Amit Parashar,0,1,1,1,,,,0,0,2019/20,2019/20,1
Amit Sinha,318,315,18,15,,2,2,77,21.2,2015/16,2021/22,18
Amit Verma,446,350,21,20,1,,2,109,22.3,2015/16,2020/21,21
Amit Yadav,19,24,4,3,,,,9,6.333333333,2021/22,2022/23,4
Amlanjyoti Das,25,43,5,2,,,,22,12.5,2020/21,2021/22,5
Amod Yadav,1,2,1,1,,,,1,1,2020/21,2020/21,1
Amogh Desai,236,199,14,13,,,3,38,18.15384615,2017/18,2020/21,14
Amulya Pandrekar,13,18,6,3,,,,6,4.333333333,2018/19,2021/22,6
Anand Bais,34,45,2,1,,,1,31,34,2015/16,2019/20,2
Anant Bharwad,18,25,1,1,,,,18,18,2023/24,2023/24,1
Angkrish Raghuvanshi,74,77,3,2,,,1,32,37,2023/24,2023/24,3
Aniket Choudhary,34,33,6,2,,,,11,17,2017/18,2020/21,6
Anil Subba,0,2,1,0,,,,0,0,2019/20,2019/20,1
Aniruddha Joshi,370,285,17,10,,2,1,73,37,2015/16,2021/22,17
Anish Charak,53,69,6,6,,,,22,8.833333333,2020/21,2023/24,6
Ankit Bawne,223,180,14,10,,,3,49,22.3,2015/16,2018/19,14
Ankit Chaudhary,35,46,3,3,,,,18,11.66666667,2018/19,2018/19,3
Ankit Dabas,18,25,2,2,,,,13,9,2015/16,2015/16,2
Ankit Dane,15,24,1,1,,,,15,15,2017/18,2017/18,1
Ankit Kaushik,277,209,10,8,,1,3,74,34.625,2019/20,2021/22,10
Ankit Kumar,109,86,4,4,,1,1,59,27.25,2018/19,2023/24,4
Ankit Kushwah,10,7,1,0,,,,10,10,2017/18,2017/18,1
Ankit Lamba,744,710,26,28,,5,8,62,26.57142857,2015/16,2021/22,26
Ankit Manori,19,9,1,2,,,,19,9.5,2021/22,2021/22,1
Ankitkar Jaiswal,2,1,1,0,,,,2,2,2020/21,2020/21,1
Anmol Malhotra,65,64,6,4,,,1,40,16.25,2015/16,2019/20,6
Anmolpreet Singh,954,690,33,30,1,6,5,113,31.8,2017/18,2023/24,33
Annabathula Akash,0,4,1,1,,,,0,0,2015/16,2015/16,1
Anshul Kamboj,9,12,2,0,,,,8,4.5,2022/23,2023/24,2
Anshul Tripathi,54,47,4,3,,,1,39,18,2017/18,2018/19,4
Anshuman Gautam,32,47,2,2,,,,21,16,2019/20,2019/20,2
Anshuman Rath,63,64,2,2,,,1,34,31.5,2021/22,2021/22,2
Antony Dhas,61,50,3,0,,,,28,20.33333333,2015/16,2017/18,3
Anuj Rawat,479,418,24,20,,1,7,88,23.95,2018/19,2023/24,24
Anukul Roy,250,145,17,10,,,4,47,25,2018/19,2021/22,17
Anurag Sarangi,190,175,13,12,,,1,43,15.83333333,2015/16,2018/19,13
Anurag Tiwari,0,1,1,1,,,,0,0,2015/16,2015/16,1
Anureet Singh,166,155,14,7,,,1,41,23.71428571,2015/16,2020/21,14
Aprameya Jaiswal,0,2,1,1,,,,0,0,2023/24,2023/24,1
Arien Sangma,7,23,1,1,,,,7,7,2023/24,2023/24,1
Arjit Gupta,252,189,15,14,,,3,45,18,2019/20,2022/23,15
Arjit Pannu,64,50,3,2,,,1,44,32,2021/22,2021/22,3
Arjun Sharma,5,9,3,2,,,,4,2.5,2018/19,2018/19,3
Arjun Tendulkar,20,29,4,4,,,,15,5,2020/21,2022/23,4
Arkaprabha Sinha,118,138,12,13,,,1,31,9.076923077,2019/20,2023/24,12
Arnab Nandi,29,27,3,1,,,,21,29,2019/20,2020/21,3
Arpit Gaud,59,58,5,5,,,1,37,11.8,2020/21,2020/21,5
Arpit Vasavada,395,322,20,16,,2,3,72,24.6875,2015/16,2021/22,20
Arshad Khan,16,23,2,2,,,,12,8,2023/24,2023/24,2
Arshdeep Singh,10,8,1,0,,,,10,10,2023/24,2023/24,1
Arslan Khan,19,9,1,1,,,,19,19,2020/21,2020/21,1
Arun Chaprana,81,62,9,7,,,,19,11.57142857,2018/19,2020/21,9
Arun Karthik,82,99,10,10,,,,26,8.2,2018/19,2021/22,10
Arup Das,6,12,2,2,,,,5,3,2017/18,2017/18,2
Arya Sethi,7,10,1,1,,,,7,7,2019/20,2019/20,1
Aryan Juyal,31,33,4,4,,,,14,7.75,2018/19,2022/23,4
Aryan Sahani,226,220,20,17,,,3,41,13.29411765,2018/19,2023/24,20
Arzan Nagwaswalla,26,26,7,4,,,,12,6.5,2018/19,2021/22,7
Asfan Khan,110,146,11,9,,,,29,12.22222222,2018/19,2019/20,11
Ashish Rai,1,2,1,1,,,,1,1,2021/22,2021/22,1
Ashish Thapa,170,300,18,15,,,,26,11.33333333,2018/19,2021/22,18
Ashith Rajiv,59,60,5,1,,,1,33,59,2019/20,2020/21,5
Ashutosh Aman,102,136,16,14,,,,24,7.285714286,2018/19,2022/23,16
Ashutosh Sharma,878,610,34,28,2,6,3,112,31.35714286,2017/18,2023/24,34
Ashutosh Singh,8,11,1,1,,,,8,8,2015/16,2015/16,1
Ashwin Das,84,40,3,1,,1,,68,84,2022/23,2022/23,3
Ashwin Hebbar,934,751,35,32,1,5,8,103,29.1875,2015/16,2023/24,35
Atharva Ankolekar,62,53,4,2,,,1,37,31,2020/21,2021/22,4
Atharva Taide,565,483,24,18,,1,9,56,31.38888889,2018/19,2022/23,24
Atit Sheth,193,158,22,7,,,,29,27.57142857,2017/18,2023/24,22
Auqib Nabi,33,42,5,5,,,,12,6.6,2019/20,2023/24,5
Avesh Khan,20,26,8,6,,,,9,3.333333333,2018/19,2023/24,8
Avijit Singh,3,11,2,2,,,,2,1.5,2020/21,2020/21,2
Avinash Jadhav,28,22,2,2,,,,22,14,2022/23,2022/23,2
Avinash Thapa,0,3,1,1,,,,0,0,2023/24,2023/24,1
Avinash Yadav,21,25,3,2,,,,19,10.5,2022/23,2022/23,3
Avishek Sinha,52,55,6,2,,,,15,26,2015/16,2017/18,6
Avneesh Sudha,200,184,12,12,,,3,43,16.66666667,2019/20,2022/23,12
Ayan Bhattacharjee,9,9,2,1,,,,8,9,2018/19,2019/20,2
Ayush Awasthi,52,25,2,2,,,1,48,26,2023/24,2023/24,2
Ayush Badoni,223,188,8,4,,1,2,80,55.75,2020/21,2023/24,8
Azim Kazi,429,370,25,12,,1,5,71,35.75,2015/16,2021/22,25
B Indrajith,96,106,5,5,,,1,46,19.2,2015/16,2018/19,5
BA Bhatt,19,13,4,1,,,,12,19,2015/16,2020/21,4
BA Pathan,0,4,3,1,,,,0,0,2019/20,2020/21,3
BB Dey,14,16,2,0,,,,11,7,2019/20,2019/20,2
BB Roy,19,28,4,4,,,,8,4.75,2015/16,2015/16,4
BB Samantray,396,314,19,17,1,,5,102,23.29411765,2015/16,2020/21,19
BB Sran,68,57,7,5,,,,19,13.6,2017/18,2019/20,7
BH Merai,86,87,3,1,,,2,48,86,2017/18,2019/20,3
BR Sharath,287,261,21,19,,1,2,50,15.10526316,2017/18,2023/24,21
BS Sharma,28,16,3,3,,,,14,9.333333333,2020/21,2020/21,3
Baba Aparajith,580,535,27,21,,1,8,52,27.61904762,2015/16,2023/24,27
Babul Kumar,461,411,22,21,,2,5,82,21.95238095,2018/19,2022/23,22
Bal Krishna,1,4,2,2,,,,1,0.5,2020/21,2021/22,2
Baltej Singh,10,8,2,2,,,,5,5,2018/19,2018/19,2
Bandaru Ayyappa,102,74,10,6,,,,24,17,2015/16,2022/23,10
Basil Thampi,35,31,9,5,,,,22,7,2015/16,2019/20,9
Basir Rahman,33,63,5,6,,,,12,5.5,2019/20,2023/24,5
Bavanaka Sandeep,696,601,29,28,,2,8,74,24.85714286,2015/16,2021/22,29
Benoy Upreti,8,22,2,2,,,,7,4,2019/20,2019/20,2
Bhagmender Lather,15,11,2,1,,,,14,15,2021/22,2021/22,2
Bhanu Pania,197,187,16,8,,1,1,55,24.625,2020/21,2023/24,16
Bharat Sharma,34,43,4,4,,,,20,8.5,2021/22,2022/23,4
Bhuvneshwar Kumar,181,150,18,12,,,1,33,15.08333333,2015/16,2021/22,18
Bibek Diyali,124,197,12,12,,,,23,10.33333333,2018/19,2020/21,12
Bidash Chingakham,37,31,4,4,,,,17,9.25,2022/23,2023/24,4
Bikas Pati,19,26,2,2,,,,10,9.5,2015/16,2015/16,2
Bikash Singh,24,45,4,4,,,,13,6,2022/23,2023/24,4
Bikramjit Debnath,2,3,1,1,,,,2,2,2023/24,2023/24,1
Bikramkumar Das,424,424,21,20,,4,2,67,21.2,2015/16,2023/24,21
Bipin Saurabh,206,175,8,8,,2,,72,25.75,2021/22,2022/23,8
Bipul Sharma,296,221,11,10,,1,5,62,29.6,2018/19,2020/21,11
Bishal Roy,77,58,3,1,,,1,45,77,2023/24,2023/24,3
Bishworjit Konthoujam,7,18,6,2,,,,2,3.5,2019/20,2023/24,6
Bobby Yadav,5,7,1,1,,,,5,5,2018/19,2018/19,1
Bobby Zothansanga,8,19,6,2,,,,3,4,2018/19,2022/23,6
Bodavarapu Sudhakar,21,28,4,2,,,,11,10.5,2015/16,2015/16,4
Bonny Chingangbam,20,29,3,2,,,,16,10,2018/19,2021/22,3
Bravish Shetty,16,20,2,2,,,,16,8,2017/18,2017/18,2
C Rathore,10,11,2,2,,,,10,5,2022/23,2022/23,2
CA Pujara,623,503,16,13,1,5,3,100,47.92307692,2015/16,2022/23,16
CM Gautam,107,95,10,7,,,1,36,15.28571429,2015/16,2017/18,10
CP Singh,114,105,10,8,,,1,36,14.25,2015/16,2020/21,10
CV Varun,1,7,1,1,,,,1,1,2023/24,2023/24,1
Chabungbam Ishworjit,3,3,1,1,,,,3,3,2021/22,2021/22,1
Chaitanya Bishnoi,755,662,32,26,,4,9,65,29.03846154,2015/16,2022/23,32
Chama Milind,175,133,21,12,,,,26,14.58333333,2015/16,2022/23,21
Chandan Ray,0,1,1,1,,,,0,0,2020/21,2020/21,1
Chandan Sahani,29,29,2,2,,,,25,14.5,2023/24,2023/24,2
Chanderpal Saini,40,38,3,2,,,,20,20,2017/18,2017/18,3
Cheepurapalli Stephen,4,8,4,0,,,,2,1,2015/16,2015/16,4
Chengkam Sangma,1,3,2,1,,,,1,1,2019/20,2021/22,2
Chetan Bist,466,421,19,12,,2,6,60,38.83333333,2017/18,2022/23,19
Chintal Gandhi,10,12,2,0,,,,9,5,2021/22,2022/23,2
Chintan Gaja,43,59,8,6,,,,11,7.166666667,2017/18,2023/24,8
Chirag Gandhi,735,629,35,24,,4,6,68,30.625,2015/16,2023/24,35
Chirag Jani,342,274,23,17,,,4,42,20.11764706,2015/16,2023/24,23
Chirag Khurana,264,211,8,6,,2,2,78,44,2015/16,2021/22,8
Chirag Parmar,1,4,1,1,,,,1,1,2017/18,2017/18,1
Chiranjit Paul,11,19,4,3,,,,5,3.666666667,2015/16,2015/16,4
Chongtham Mehul,1,3,1,1,,,,1,1,2021/22,2021/22,1
Codanda Ajit Karthik,107,101,4,3,,1,,61,35.66666667,2021/22,2021/22,4
D Chauhan,20,28,2,1,,,,18,20,2018/19,2019/20,2
D Joshi,8,5,1,1,,,,8,8,2022/23,2022/23,1
D Khatri,13,7,1,0,,,,13,13,2022/23,2022/23,1
D Rabha,9,5,1,1,,,,9,9,2022/23,2022/23,1
D Rai,6,4,1,1,,,,6,6,2015/16,2015/16,1
DB Das,48,55,7,6,,,,22,8,2015/16,2019/20,7
DB Ravi Teja,530,529,23,17,,3,5,61,31.17647059,2017/18,2021/22,23
DH Yagnik,44,49,4,3,,,,23,14.66666667,2015/16,2015/16,4
DJ Hooda,858,652,34,30,,7,5,75,28.6,2015/16,2021/22,34
DJ Muthuswami,4,7,2,0,,,,2,2,2015/16,2017/18,2
DK Sharma,0,2,1,1,,,,0,0,2019/20,2019/20,1
DM Mistry,9,7,1,1,,,,9,9,2017/18,2017/18,1
DR Deshmukh,19,14,2,2,,,,10,9.5,2019/20,2019/20,2
DR Shorey,493,443,23,19,,3,4,70,25.94736842,2015/16,2021/22,23
Damodaran Rohit,405,419,25,23,,2,2,55,17.60869565,2018/19,2022/23,25
Danveer Singh,477,379,24,16,,1,5,56,29.8125,2015/16,2021/22,24
Darremsanga,2,7,2,2,,,,2,1,2018/19,2020/21,2
Darshan Misal,337,342,29,23,,1,,50,14.65217391,2015/16,2023/24,29
Darshan Nalkande,76,92,12,9,,,,21,8.444444444,2018/19,2022/23,12
Daryl Ferrario,51,54,4,2,,,,22,25.5,2017/18,2018/19,4
Debabrata Pradhan,158,124,14,16,,,1,45,9.875,2017/18,2021/22,14
Debasish Samantray,44,42,2,2,,,,25,22,2017/18,2017/18,2
Deendyal Upadhyay,1,4,1,1,,,,1,1,2018/19,2018/19,1
Deepak Behera,11,15,3,3,,,,5,3.666666667,2015/16,2015/16,3
Deepak Chahar,126,116,13,8,,1,,55,15.75,2017/18,2020/21,13
Deepak Punia,80,84,7,5,,,1,30,16,2015/16,2021/22,7
Deepraj Gaonkar,283,259,19,19,,,4,48,14.89473684,2015/16,2023/24,19
Denish Das,243,278,14,14,,,3,35,17.35714286,2020/21,2023/24,14
Dev Lakra,1,2,1,1,,,,1,1,2023/24,2023/24,1
Devdutt Padikkal,780,576,24,21,,7,5,99,37.14285714,2019/20,2023/24,24
Devender Lohchab,52,82,4,3,,,1,34,17.33333333,2015/16,2021/22,4
Dharmendrasinh Jadeja,106,84,12,10,,1,,59,10.6,2015/16,2023/24,12
Dhavanath,8,12,1,0,,,,8,8,2018/19,2018/19,1
Dhawal Kulkarni,68,67,11,8,,,,19,8.5,2015/16,2020/21,11
Dheeraj Kumar,460,427,23,25,,3,3,92,18.4,2015/16,2023/24,23
Dhrumil Matkar,2,2,2,0,,,,1,1,2017/18,2019/20,2
Dhrushant Soni,24,27,5,6,,,,12,4,2020/21,2022/23,5
Dhruv Jurel,69,66,5,4,,,,25,17.25,2020/21,2023/24,5
Dhruv Patel,873,641,44,42,,4,4,96,20.78571429,2017/18,2023/24,44
Dhruv Raval,384,291,17,14,,2,2,73,27.42857143,2017/18,2021/22,17
Dikshanshu Negi,318,291,17,14,,1,,77,22.71428571,2019/20,2022/23,17
Dinesh Bana,17,16,1,1,,,,17,17,2022/23,2022/23,1
Dinesh Mor,98,99,9,5,,,1,31,19.6,2019/20,2020/21,9
Dipayan Debbarma,39,51,3,2,,,,22,19.5,2020/21,2021/22,3
Dippu Sangma,17,28,4,3,,,,13,5.666666667,2020/21,2021/22,4
Divyang Hinganekar,119,84,10,6,,,1,35,19.83333333,2017/18,2021/22,10
Divyanshu Yadav,7,16,2,2,,,,6,3.5,2023/24,2023/24,2
Diwesh Pathania,182,140,15,10,,,1,41,18.2,2017/18,2021/22,15
EC Sen,80,59,3,1,,,2,37,80,2022/23,2022/23,3
ER Dwivedi,296,248,11,8,,1,3,89,37,2015/16,2017/18,11
Eknath Kerkar,210,190,13,10,,,4,46,21,2017/18,2022/23,13
Erik Roy,26,26,2,0,,,,19,13,2020/21,2020/21,2
Eshaan Ravi,4,4,1,1,,,,4,4,2019/20,2019/20,1
F Lalmuanzuala,11,37,4,4,,,,4,2.75,2022/23,2023/24,4
FY Fazal,448,424,21,20,,1,5,54,22.4,2015/16,2019/20,21
Fabid Ahmed,218,229,22,17,,,,27,12.82352941,2015/16,2021/22,22
Faiz Ahmed,41,56,2,3,,,,26,13.66666667,2015/16,2015/16,2
Faruque Hussain,1,1,1,0,,,,1,1,2020/21,2020/21,1
Fazil Rashid,42,37,4,2,,,,25,21,2019/20,2023/24,4
Felix Alemao,22,21,5,1,,,,13,22,2015/16,2018/19,5
G Gambhir,226,239,13,13,,1,2,66,17.38461538,2015/16,2017/18,13
G Lalbiakvela,16,40,10,9,,,,6,1.777777778,2018/19,2022/23,10
GA Singh,174,135,9,7,1,,1,100,24.85714286,2018/19,2020/21,9
GS Raju,0,2,1,1,,,,0,0,2017/18,2017/18,1
Gandhar Bhatawadekar,39,43,4,4,,,,22,9.75,2018/19,2019/20,4
Ganesh Satish,530,555,30,30,,2,6,54,17.66666667,2015/16,2023/24,30
Gaurav,3,3,1,0,,,,3,3,2018/19,2018/19,1
Gaurav Chaudhary,48,31,4,3,,,,23,16,2019/20,2019/20,4
Gaurav Gambhir,3,4,1,1,,,,3,3,2019/20,2019/20,1
Gaurav Puri,91,56,6,5,,,1,35,18.2,2019/20,2021/22,6
Gaurav Yadav,5,3,1,1,,,,5,5,2019/20,2019/20,1
Gemson Singh,2,6,1,1,,,,2,2,2020/21,2020/21,1
Girinath Reddy,209,153,13,10,,1,1,62,20.9,2017/18,2022/23,13
Girish Rauturi,76,56,7,6,,,1,49,12.66666667,2018/19,2020/21,7
Gitansh Khera,31,40,2,2,,,,22,15.5,2015/16,2015/16,2
Gokul Sharma,10,12,2,2,,,,10,5,2015/16,2015/16,2
Gourav Choudhury,68,55,3,2,,,1,36,34,2020/21,2020/21,3
Govinda Poddar,438,353,19,19,,3,1,64,23.05263158,2015/16,2021/22,19
Gurkeerat Singh,675,525,29,24,,1,9,63,28.125,2017/18,2023/24,29
Gurkeerat Singh Mann,18,12,2,1,,,,10,18,2022/23,2022/23,2
Guruswamy Ajitesh,14,13,3,3,,,,8,4.666666667,2023/24,2023/24,3
Gurvinder Singh,7,16,5,3,,,,5,2.333333333,2015/16,2018/19,5
HH Khadiwale,22,24,3,3,,,,10,7.333333333,2015/16,2015/16,3
HS Joshi,79,77,3,2,,1,,61,39.5,2015/16,2015/16,3
Habib Gandhi,12,13,1,1,,,,12,12,2023/24,2023/24,1
Hanuma Vihari,574,467,25,23,,3,4,84,24.95652174,2015/16,2023/24,25
Harbhajan Singh,121,117,10,9,,,2,33,13.44444444,2015/16,2018/19,10
Hardeep Singh,1,7,1,1,,,,1,1,2019/20,2019/20,1
Hardik Patel,4,10,3,1,,,,2,4,2015/16,2020/21,3
Hardik Tamore,24,31,2,2,,,,19,12,2020/21,2022/23,2
Hari Nishaanth,688,560,26,22,,4,3,92,31.27272727,2018/19,2023/24,26
Harishankar Reddy,30,26,8,3,,,,16,10,2017/18,2023/24,8
Harpreet Brar,91,81,13,8,,,,22,11.375,2019/20,2023/24,13
Harpreet Singh,306,288,11,9,,3,2,63,34,2015/16,2017/18,11
Harsh Desai,57,54,4,4,,,,26,14.25,2022/23,2023/24,4
Harsh Raj,1,1,1,0,,,,1,1,2021/22,2021/22,1
Harsh Tyagi,267,208,19,8,,,3,38,33.375,2018/19,2023/24,19
Harshal Patel,672,442,26,29,,3,8,82,23.17241379,2015/16,2023/24,26
Harshit Rana,1374,972,45,36,1,9,10,107,38.16666667,2015/16,2023/24,45
Harshit Rathod,1,2,1,0,,,,1,1,2021/22,2021/22,1
Harvik Desai,328,282,20,18,,1,2,56,18.22222222,2018/19,2023/24,20
Hem Chetri,22,20,4,3,,,,15,7.333333333,2020/21,2021/22,4
Hemang Patel,71,84,8,7,,,,20,10.14285714,2018/19,2023/24,8
Henan Nazir,58,69,4,3,,,1,31,19.33333333,2021/22,2023/24,4
Henry Renthlei,2,8,1,0,,,,2,2,2019/20,2019/20,1
Heramb Parab,37,20,4,2,,,,22,18.5,2019/20,2019/20,4
Het Patel,153,171,8,6,,,2,45,25.5,2021/22,2022/23,8
Himalaya Barad,115,111,8,8,,,1,38,14.375,2015/16,2021/22,8
Himanshu Bisht,93,99,9,7,,,1,30,13.28571429,2018/19,2020/21,9
Himanshu Chawla,67,40,4,3,,1,,54,22.33333333,2015/16,2015/16,4
Himanshu Rana,808,676,32,32,,7,2,87,25.25,2015/16,2023/24,32
Himanshu Sangwan,10,8,3,1,,,,8,10,2019/20,2021/22,3
Himmat Singh,583,468,31,21,,3,2,53,27.76190476,2017/18,2023/24,31
Hiten Dalal,516,375,23,21,,3,4,81,24.57142857,2018/19,2022/23,23
Hiten Mehra,14,18,3,3,,,,10,4.666666667,2018/19,2018/19,3
Hitesh Kadam,4,3,1,0,,,,4,4,2017/18,2017/18,1
Hmar Zothanchhunga,0,5,1,1,,,,0,0,2020/21,2020/21,1
Hokaito Zhimomi,119,162,16,13,,,,25,9.153846154,2018/19,2023/24,16
Homendro Kabrambam,53,80,10,7,,,,18,7.571428571,2018/19,2021/22,10
Hrishikesh Tamuli,21,35,3,2,,,,11,10.5,2019/20,2019/20,3
Hrithik Kanojia,8,19,3,3,,,,5,2.666666667,2018/19,2018/19,3
IC Pandey,56,50,14,10,,,,18,5.6,2015/16,2020/21,14
IK Pathan,246,160,13,6,,,2,49,41,2015/16,2018/19,13
IR Jaggi,596,432,19,13,,4,6,75,45.84615385,2015/16,2021/22,19
Imliwati Lemtur,101,106,14,11,,,,17,9.181818182,2018/19,2023/24,14
Indiya Toku,1,6,1,1,,,,1,1,2021/22,2021/22,1
Iqbal Abdulla,237,243,14,9,,,3,46,26.33333333,2019/20,2021/22,14
Iqlas Naha,20,19,3,3,,,,15,6.666666667,2021/22,2021/22,3
Ishaan Gadekar,172,114,6,6,,1,2,58,28.66666667,2021/22,2023/24,6
Ishan Kishan,767,553,23,20,2,3,6,113,38.35,2017/18,2020/21,23
Ishan Porel,2,5,1,0,,,,2,2,2018/19,2018/19,1
Ishant Sharma,0,1,1,0,,,,0,0,2018/19,2018/19,1
Ishwar Chaudhary,45,61,13,8,,,,14,5.625,2017/18,2019/20,13
J Biakthanpuia,7,21,1,1,,,,7,7,2023/24,2023/24,1
J Kousik,44,39,3,3,,,1,41,14.66666667,2015/16,2018/19,3
J Mallikarjun,61,63,4,3,,,,23,20.33333333,2018/19,2019/20,4
J Suchith,204,163,20,9,,,1,34,22.66666667,2015/16,2021/22,20
J Syed Mohammad,146,144,5,3,,,3,42,48.66666667,2015/16,2015/16,5
JH Saroha,15,9,2,1,,,,14,15,2019/20,2019/20,2
JJ Bumrah,2,3,1,1,,,,2,2,2015/16,2015/16,1
JJ Lamare,28,50,5,5,,,,15,5.6,2018/19,2018/19,5
JP Zope,10,7,1,1,,,,10,10,2017/18,2017/18,1
JR Banik,40,70,5,4,,,,22,10,2018/19,2020/21,5
Jafar Jamal,14,13,3,3,,,,7,4.666666667,2015/16,2015/16,3
Jahan Uddin,7,19,3,2,,,,5,3.5,2019/20,2019/20,3
Jaideep Bhambhu,1,1,1,0,,,,1,1,2021/22,2021/22,1
Jalaj Saxena,165,213,14,9,,,1,37,18.33333333,2015/16,2021/22,14
Jaskaran Singh,152,94,13,7,,,1,31,21.71428571,2015/16,2021/22,13
Jaskaranvir Singh Sohi,63,57,7,2,,,,20,31.5,2019/20,2021/22,7
Jatin Wadhwan,473,392,14,14,,4,4,69,33.78571429,2015/16,2021/22,14
Jaweed Ali,50,28,3,3,,,1,35,16.66666667,2015/16,2015/16,3
Jay Bista,820,601,26,23,,6,5,94,35.65217391,2017/18,2021/22,26
Jay Gohil,130,100,8,3,,,1,42,43.33333333,2021/22,2023/24,8
Jayant Yadav,58,56,12,8,,,,19,7.25,2015/16,2022/23,12
Jayanta Behera,1,7,1,0,,,,1,1,2017/18,2017/18,1
Jayanta Sagatpam,75,107,5,4,,,1,36,18.75,2019/20,2021/22,5
Jaydev Shah,68,88,5,5,,,1,35,13.6,2015/16,2015/16,5
Jaydev Unadkat,281,182,22,10,,1,3,58,28.1,2015/16,2022/23,22
Jayveer Parmar,5,7,3,0,,,,3,1.666666667,2017/18,2019/20,3
Jehu Anderson,45,66,3,3,,,,21,15,2023/24,2023/24,3
Jitesh Sharma,1498,1074,71,63,1,4,11,116,23.77777778,2015/16,2023/24,71
Jitumoni Kalita,35,25,2,1,,,1,31,35,2018/19,2018/19,2
Jiwanjot Singh,103,86,3,2,,1,,77,51.5,2015/16,2022/23,3
Jiyaad Magrey,20,20,1,1,,,,20,20,2020/21,2020/21,1
Johnson Singh,155,216,13,12,,,1,43,12.91666667,2019/20,2023/24,13
Jonty Sidhu,21,13,1,1,,,,21,21,2020/21,2020/21,1
Joseph Lalthankhuma,76,105,7,7,,,,24,10.85714286,2021/22,2023/24,7
Joshua Ozukum,219,190,10,10,,1,1,91,21.9,2020/21,2023/24,10
Jyothi Sai Krishna,58,73,5,5,,,,20,11.6,2015/16,2015/16,5
Jyotsnil Singh,637,528,33,25,,1,7,50,25.48,2015/16,2023/24,33
K Gadhavi,1,7,1,1,,,,1,1,2015/16,2015/16,1
K Karan Shinde,149,116,7,6,,1,,75,24.83333333,2015/16,2022/23,7
K Khejroliya,19,10,2,0,,,,18,9.5,2017/18,2017/18,2
K Lalhmingmawia,4,3,2,1,,,,3,4,2018/19,2020/21,2
K Makwana,6,14,1,0,,,,6,6,2015/16,2015/16,1
K Srikar Bharat,524,491,32,31,,2,4,76,16.90322581,2015/16,2023/24,32
K Upadhyay,18,19,4,3,,,,14,6,2015/16,2019/20,4
K Vanlalruata,25,42,6,6,,,,17,4.166666667,2018/19,2020/21,6
KA Vaz,225,204,11,10,,,4,36,22.5,2017/18,2018/19,11
KB Arun Karthik,509,442,30,25,,3,4,89,20.36,2015/16,2022/23,30
KB Pawan,473,429,20,15,,3,4,72,31.53333333,2018/19,2021/22,20
KC Cariappa,43,33,6,5,,,,21,8.6,2021/22,2023/24,6
KD Karthik,746,533,23,19,,5,7,71,39.26315789,2015/16,2020/21,23
KH Devdhar,1432,1210,45,42,1,8,11,100,34.0952381,2015/16,2021/22,45
KK Acharjee,51,64,7,6,,,,18,8.5,2017/18,2019/20,7
KK Nair,1176,827,44,36,2,5,6,111,32.66666667,2015/16,2021/22,44
KL Nagarkoti,46,57,4,2,,,1,39,23,2021/22,2022/23,4
KL Rahul,313,209,8,6,,3,2,84,52.16666667,2019/20,2019/20,8
KL Shrijith,104,97,7,5,,,1,48,20.8,2020/21,2023/24,7
KM Asif,1,3,2,0,,,,1,0.5,2019/20,2019/20,2
KN Luitel,0,1,1,0,,,,0,0,2018/19,2018/19,1
KP Kakad,0,4,1,1,,,,0,0,2019/20,2019/20,1
KR Sen,1,9,4,2,,,,1,0.5,2018/19,2023/24,4
KR Singh,144,130,12,9,,,1,33,16,2015/16,2021/22,12
KS Sharma,319,272,13,9,,4,,68,35.44444444,2020/21,2023/24,13
KV Sasikanth,205,179,17,14,,,1,47,14.64285714,2015/16,2022/23,17
Kaif Ahmad,177,165,7,6,,1,2,63,29.5,2020/21,2021/22,7
Kamsha Yangfo,94,158,11,8,,,,22,11.75,2018/19,2021/22,11
Kangabam Singh,217,294,17,13,,1,1,55,16.69230769,2018/19,2023/24,17
Kanishk Seth,18,19,4,3,,,,9,6,2017/18,2020/21,4
Karan Kaila,1,3,2,1,,,,1,1,2019/20,2019/20,2
Karan Lal,41,41,4,4,,,,24,10.25,2021/22,2023/24,4
Karanveer Kaushal,397,325,16,15,,3,2,58,26.46666667,2018/19,2020/21,16
Karkir Taye,15,13,3,0,,,,7,5,2019/20,2021/22,3
Karma Bhutia,6,37,3,3,,,,4,2,2018/19,2019/20,3
Karnajit Yumnam,93,141,10,10,,,1,35,9.3,2020/21,2023/24,10
Karthik Raman,1,6,2,0,,,,1,0.5,2019/20,2019/20,2
Kartik Kakade,71,60,8,6,,1,,53,11.83333333,2020/21,2022/23,8
Kashyap Bakhale,12,16,2,1,,,,11,12,2015/16,2015/16,2
Kaushik Maity,21,20,1,0,,,,21,21,2023/24,2023/24,1
Kedar Jadhav,679,527,23,18,,6,3,84,37.72222222,2015/16,2021/22,23
Kengo Bam,1,3,1,1,,,,1,1,2019/20,2019/20,1
Keshav Kumar,145,158,5,4,,1,1,61,36.25,2018/19,2018/19,5
Khaleel Ahmed,4,16,3,2,,,,2,2,2018/19,2020/21,3
Khawlhring Lalremruata,43,60,6,5,,,,27,8.6,2018/19,2021/22,6
Khizer Dafedar,0,5,1,1,,,,0,0,2017/18,2017/18,1
Khrievitso Kense,2,4,1,1,,,,2,2,2021/22,2021/22,1
Kilco Marak,5,10,4,1,,,,3,5,2019/20,2023/24,4
Kinara Rai,27,44,6,4,,,,11,6.75,2018/19,2019/20,6
Kiran Reddy,13,8,1,1,,,,13,13,2018/19,2018/19,1
Kishan Lyngdoh,247,174,5,4,,3,,85,61.75,2021/22,2021/22,5
Kishan Parmar M,170,166,8,8,,1,1,54,21.25,2017/18,2019/20,8
Kishan Thokchom,27,32,5,3,,,,20,9,2018/19,2021/22,5
Kolla Sumanth,164,154,18,15,,,,21,10.93333333,2015/16,2021/22,18
Koripalli Sreekanth,70,87,4,5,,,1,45,14,2015/16,2015/16,4
Kranthi Kumar,17,27,3,3,,,,14,5.666666667,2021/22,2021/22,3
Krishna Das,4,16,4,2,,,,3,2,2015/16,2018/19,4
Krishnamoorthy Vignesh,2,6,3,2,,,,1,1,2017/18,2017/18,3
Krishnamurthy Siddharth,53,38,1,1,,1,,53,53,2023/24,2023/24,1
Krishnappa Gowtham,229,170,18,14,,1,1,57,16.35714286,2017/18,2023/24,18
Krunal Pandya,933,742,35,29,,7,7,86,32.17241379,2015/16,2023/24,35
Kruthik Hanagavadi,0,1,1,1,,,,0,0,2020/21,2020/21,1
Kshitij Patel,121,113,9,8,,,2,44,15.125,2017/18,2021/22,9
Kshitiz Sharma,232,189,9,6,,2,1,65,38.66666667,2017/18,2021/22,9
Kukna Ajay Singh,0,1,1,1,,,,0,0,2015/16,2015/16,1
Kuldeep Gehi,113,86,5,5,,,2,34,22.6,2021/22,2021/22,5
Kuldeep Yadav,24,25,3,1,,,,11,24,2017/18,2019/20,3
Kumar Deobrat,474,375,28,21,,2,2,69,22.57142857,2015/16,2021/22,28
Kumar Kartikeya,5,6,2,0,,,,4,2.5,2018/19,2021/22,2
Kumar Kushagra,0,1,1,1,,,,0,0,2021/22,2021/22,1
Kumar Nyompu,47,77,4,4,,,,23,11.75,2020/21,2023/24,4
Kumar Rajnish,7,17,2,2,,,,4,3.5,2021/22,2021/22,2
Kumar Suraj,5,7,1,1,,,,5,5,2020/21,2020/21,1
Kunal Chandela,239,224,13,11,,,3,48,21.72727273,2020/21,2022/23,13
Kunal Dabas,73,91,3,2,,,1,45,36.5,2019/20,2019/20,3
Kunal Mahajan,8,9,1,1,,,,8,8,2021/22,2021/22,1
Kunal Singh Rathore,40,25,2,2,,,,26,20,2022/23,2022/23,2
Kunwar Bidhuri,74,64,3,4,,1,,68,18.5,2019/20,2019/20,3
Kushang Patel,19,14,4,2,,,,9,9.5,2017/18,2022/23,4
L Kishan Singha,79,97,8,4,,,,22,19.75,2020/21,2023/24,8
LR Chethan,33,25,1,1,,,1,33,33,2022/23,2022/23,1
LUVNITH SISODIA,50,33,4,4,,,1,38,12.5,2018/19,2022/23,4
Lakhan Singh,297,255,11,12,,2,2,86,24.75,2015/16,2021/22,11
Lakshay Garg,171,148,23,15,,,,28,11.4,2015/16,2022/23,23
Lakshay Thareja,4,2,1,1,,,,4,4,2022/23,2022/23,1
Lalchhuanliana ,29,37,3,3,,,,17,9.666666667,2020/21,2020/21,3
Lalfakzuala Renthlei,0,4,1,0,,,,0,0,2019/20,2019/20,1
Lalhma Chhuana,3,11,1,1,,,,3,3,2020/21,2020/21,1
Lalhmangaiha,240,345,20,19,,,1,39,12.63157895,2018/19,2022/23,20
Lalhriatrenga,17,37,3,1,,,,9,17,2023/24,2023/24,3
Lalhruai Ralte,52,82,13,13,,,,9,4,2018/19,2023/24,13
Lalhruaizela,211,388,24,17,,,1,30,12.41176471,2018/19,2023/24,24
Lalnunkima Varte,7,17,4,1,,,,6,7,2018/19,2020/21,4
Lalrempuia,6,4,2,0,,,,5,3,2018/19,2018/19,2
Lamabam Singh,6,10,4,0,,,,4,1.5,2019/20,2020/21,4
Langlonyamba Meitan Keishangbam,176,227,10,8,,1,2,50,22,2020/21,2023/24,10
Larry Sangma,77,110,8,6,,,,25,12.83333333,2018/19,2023/24,8
Lee Yong Lepcha,37,105,11,12,,,,9,3.083333333,2018/19,2021/22,11
Lekhaz Reddy,38,21,4,3,,,,19,12.66666667,2021/22,2021/22,4
Licha Jhon,22,34,1,1,,,,22,22,2023/24,2023/24,1
Licha Tehi,7,4,2,1,,,,5,7,2018/19,2019/20,2
Liyan Khan,113,139,4,3,,,2,48,37.66666667,2021/22,2021/22,4
Logesh Prabagaran,0,4,1,1,,,,0,0,2021/22,2021/22,1
Lone Nasir Muzaffar,3,5,1,1,,,,3,3,2023/24,2023/24,1
Lukman Meriwala,15,23,3,1,,,,9,15,2017/18,2021/22,3
M Ahmed,95,90,6,5,,,2,40,19,2019/20,2019/20,6
M Ashwin,42,61,11,6,,,,14,7,2015/16,2021/22,11
M Manhas,97,84,6,7,,,1,36,13.85714286,2015/16,2015/16,6
M Pranith,114,63,2,2,,1,1,71,57,2018/19,2018/19,2
M Rawat,248,207,7,7,,2,2,72,35.42857143,2015/16,2017/18,7
M Shahrukh Khan,379,266,24,16,,,2,40,23.6875,2015/16,2023/24,24
M Siddharth,1,2,1,0,,,,1,1,2019/20,2019/20,1
M Vijay,388,281,9,8,1,3,2,107,48.5,2018/19,2019/20,9
M Vohra,987,759,29,26,1,7,6,106,37.96153846,2015/16,2021/22,29
MC Juneja,214,177,9,8,,1,3,54,26.75,2015/16,2020/21,9
MD Ingale,18,8,2,1,,,,12,18,2018/19,2020/21,2
MD Nidheesh,6,3,2,1,,,,6,6,2018/19,2019/20,2
MD Rahmatullah,261,218,13,13,,1,3,64,20.07692308,2018/19,2020/21,13
MD Sultan Karim,45,96,10,9,,,,11,5,2018/19,2023/24,10
MG Sirur,72,55,8,6,,,,27,12,2018/19,2020/21,8
MK Tiwary,506,451,27,25,,1,7,63,20.24,2015/16,2020/21,27
MN Singh,218,202,17,15,,1,1,77,14.53333333,2015/16,2020/21,17
MR Raut,44,45,6,7,,,,20,6.285714286,2020/21,2022/23,6
MS Akhil,9,4,1,0,,,,9,9,2021/22,2021/22,1
MS Gony,84,60,9,7,,,,18,12,2017/18,2018/19,9
MS Hooda,142,150,4,4,,1,1,65,35.5,2015/16,2015/16,4
MSR Charan,0,2,1,1,,,,0,0,2022/23,2022/23,1
Madhav Avsh,2,9,1,0,,,,2,2,2018/19,2018/19,1
Madhav Kaushik,67,64,4,3,,,,24,22.33333333,2018/19,2021/22,4
Mahipal Lomror,814,685,31,24,,6,5,78,33.91666667,2017/18,2022/23,31
Manan Sharma,21,16,2,1,,,,19,21,2015/16,2015/16,2
Mandeep Singh,1124,790,37,26,,9,8,99,43.23076923,2015/16,2023/24,37
Mandup Bhutia,40,58,9,7,,,,19,5.714285714,2018/19,2021/22,9
Mangal Mahrour,342,355,17,14,,3,2,64,24.42857143,2018/19,2022/23,17
Manik Beri,17,18,1,1,,,,17,17,2021/22,2021/22,1
Manik Gupta,9,8,1,0,,,,9,9,2017/18,2017/18,1
Manisankar Murasingh,535,384,32,22,,2,2,61,24.31818182,2015/16,2023/24,32
Manish Dogra,1,3,1,1,,,,1,1,2015/16,2015/16,1
Manish Golamaru,30,38,5,5,,,,14,6,2019/20,2022/23,5
Manish Pandey,1000,752,33,28,2,5,6,129,35.71428571,2017/18,2023/24,33
Manjeet Singh,9,6,2,2,,,,9,4.5,2015/16,2018/19,2
Manjinder Singh,27,42,2,2,,,,14,13.5,2018/19,2018/19,2
Manjot Kalra,13,14,2,2,,,,13,6.5,2018/19,2018/19,2
Manogaran Pooviarasan,0,1,1,1,,,,0,0,2021/22,2021/22,1
Manoj Bhandage,91,68,5,4,,,,25,22.75,2018/19,2023/24,5
Manvan Patel,10,7,3,3,,,,8,3.333333333,2020/21,2021/22,3
Manzoor Dar,146,131,11,9,,,3,39,16.22222222,2017/18,2019/20,11
Marimuthu Vikneshwaran,161,179,21,17,,,1,34,9.470588235,2018/19,2022/23,21
Mark Ingty,58,43,3,1,,,1,39,58,2019/20,2019/20,3
Mayank Agarwal,804,645,35,32,,5,3,86,25.125,2015/16,2023/24,35
Mayank Dagar,21,12,1,0,,,,21,21,2022/23,2022/23,1
Mayank Markande,55,48,8,3,,,1,33,18.33333333,2017/18,2023/24,8
Mayank Mishra,34,55,9,8,,,,14,4.25,2018/19,2022/23,9
Mayank Raghav,301,218,6,5,1,2,1,103,60.2,2018/19,2018/19,6
Mayank Sidhana,39,41,5,2,,,,21,19.5,2015/16,2015/16,5
Mayank Yadav,529,358,27,18,,1,6,52,29.38888889,2017/18,2023/24,27
Md Nazim,2,3,1,1,,,,2,2,2021/22,2021/22,1
Md Saptula,4,8,3,2,,,,3,2,2020/21,2021/22,3
Mehdi Hassan,21,31,8,2,,,,8,10.5,2017/18,2021/22,8
Mewada Shylla,0,2,1,1,,,,0,0,2023/24,2023/24,1
Mickil Jaiswal,63,38,3,2,,,1,44,31.5,2022/23,2022/23,3
Mihir Hirwani,24,30,7,6,,,,8,4,2017/18,2021/22,7
Milind Kumar,681,597,26,24,,5,4,64,28.375,2015/16,2020/21,26
Moakumzuk Tzudir,1,4,3,2,,,,1,0.5,2019/20,2023/24,3
Mohammad Saif,53,70,5,5,,,1,32,10.6,2021/22,2023/24,5
Mohammed Azharuddeen,436,396,27,26,,1,4,60,16.76923077,2015/16,2022/23,27
Mohammed Mohammed,110,64,16,10,,,1,34,11,2017/18,2021/22,16
Mohammed Mudhasir,19,25,7,5,,,,7,3.8,2015/16,2017/18,7
Mohammed Shami,4,3,1,1,,,,4,4,2015/16,2015/16,1
Mohammed Siraj,16,28,6,5,,,,12,3.2,2015/16,2019/20,6
Mohammed Taha,86,80,4,4,,,2,45,21.5,2015/16,2015/16,4
Mohd Israr,0,2,1,1,,,,0,0,2017/18,2017/18,1
Mohit Ahlawat,27,26,6,5,,,,19,5.4,2018/19,2021/22,6
Mohit Jangra,39,37,4,3,,,,16,13,2018/19,2023/24,4
Mohit Kumar,18,10,5,3,,,,12,6,2019/20,2020/21,5
Mohit Mittan,54,48,3,3,,,,28,18,2022/23,2022/23,3
Mohit Mongia,29,25,3,3,,,,13,9.666666667,2018/19,2018/19,3
Mohit Redkar,1,1,1,0,,,,1,1,2023/24,2023/24,1
Mohit Sharma,4,10,2,2,,,,4,2,2021/22,2021/22,2
Mohsin Khan,52,40,9,3,,,,19,17.33333333,2017/18,2021/22,9
Monu Kumar,37,25,7,5,,,,16,7.4,2015/16,2021/22,7
Mrinmoy Dutta,6,12,3,2,,,,6,3,2015/16,2023/24,3
Mrunal Devdhar,766,640,34,32,,6,4,82,23.9375,2015/16,2021/22,34
Mughavi Wotsa,25,50,3,0,,,,17,8.333333333,2018/19,2019/20,3
Mujtaba Yousuf,0,1,1,0,,,,0,0,2018/19,2018/19,1
Mukesh Choudhary,17,14,3,1,,,,11,17,2019/20,2020/21,3
Mukesh Kumar,4,8,4,1,,,,2,4,2015/16,2020/21,4
Mukhtar Hussain,54,31,5,2,,,,25,27,2018/19,2023/24,5
Myendung Singpho,6,12,6,4,,,,2,1.5,2019/20,2021/22,6
N A Sharma,4,8,2,2,,,,4,2,2022/23,2022/23,2
N Johnson Singh,22,24,2,1,,,,22,22,2018/19,2018/19,2
N Saini,255,226,9,7,,2,1,74,36.42857143,2015/16,2018/19,9
NB Singh,1,3,2,0,,,,1,0.5,2015/16,2015/16,2
NN Bhute,10,8,2,2,,,,10,5,2020/21,2020/21,2
NR Narah,16,14,3,2,,,,12,8,2022/23,2022/23,3
NS Chaturved,79,82,4,3,,,1,34,26.33333333,2018/19,2018/19,4
NS Rathour,3,4,1,1,,,,3,3,2022/23,2022/23,1
NV Ojha,443,375,21,22,,3,2,74,20.13636364,2015/16,2019/20,21
Nabam Joshi,0,4,1,0,,,,0,0,2023/24,2023/24,1
Nabam Tatang,4,6,1,1,,,,4,4,2020/21,2020/21,1
Nabam Tempol,2,4,2,0,,,,1,1,2020/21,2020/21,2
Nagaho Chishi,25,54,9,6,,,,12,4.166666667,2018/19,2022/23,9
Nakul Sharma,160,128,11,9,,1,1,53,17.77777778,2017/18,2020/21,11
Nakul Verma,495,470,24,23,,2,4,73,21.52173913,2015/16,2023/24,24
Nalin Mishra,15,20,1,1,,,,15,15,2021/22,2021/22,1
Naman Dhir,39,28,4,4,,,,17,9.75,2023/24,2023/24,4
Narayan Jagadeesan,795,678,32,24,,5,4,78,33.125,2017/18,2023/24,32
Naren Reddy,88,59,4,3,,,1,43,29.33333333,2019/20,2020/21,4
Narsingh Yadav,168,218,16,15,,1,1,50,11.2,2018/19,2021/22,16
Naushad Shaikh,732,615,32,26,,4,7,78,28.15384615,2017/18,2021/22,32
Navdeep Saini,11,19,4,3,,,,7,3.666666667,2018/19,2022/23,4
Navneet Virk,11,18,1,1,,,,11,11,2020/21,2020/21,1
Nawazul Munier,5,10,1,1,,,,5,5,2020/21,2020/21,1
Nazeeb Saiyed,101,106,7,9,,,1,32,11.22222222,2020/21,2021/22,7
Nazim Siddiqui,23,38,5,3,,,,11,7.666666667,2017/18,2019/20,5
Neelam Obi,96,177,11,11,,,,20,8.727272727,2018/19,2023/24,11
Neelambuj Vats,31,51,3,1,,,,28,31,2019/20,2019/20,3
Neetesh Sharma,2,11,1,1,,,,2,2,2018/19,2018/19,1
Nehal Wadhera,128,81,4,2,,2,,61,64,2023/24,2023/24,4
Nihal Surlaker,5,8,1,1,,,,5,5,2021/22,2021/22,1
Nikhil Gangta,87,65,3,4,,1,,54,21.75,2022/23,2022/23,3
Nikhil Kohli,1,5,2,1,,,,1,1,2021/22,2021/22,2
Nikhil Naik,487,371,26,19,,3,2,70,25.63157895,2015/16,2020/21,26
Nikhilesh Surendran,57,51,2,2,,,1,36,28.5,2015/16,2015/16,2
Nilesh Lamichaney,96,153,11,10,,,,24,9.6,2018/19,2021/22,11
Ninad Kadam,67,77,4,4,,,1,32,16.75,2018/19,2018/19,4
Ninad Rathva,276,234,18,16,,,3,47,17.25,2017/18,2023/24,18
Nipan Deka,44,31,2,2,,,1,42,22,2017/18,2022/23,2
Nirupam Sen,65,61,7,6,,,,16,10.83333333,2015/16,2018/19,7
Nirupam Sen Chowdhary,170,194,12,12,,,1,34,14.16666667,2015/16,2023/24,12
Nishant Kushwah,0,5,2,2,,,,0,0,2023/24,2023/24,2
Nishant Sindhu,108,88,4,3,,,2,42,36,2022/23,2023/24,4
Nitesh Lohchab,22,25,3,3,,,,13,7.333333333,2018/19,2018/19,3
Nitesh Sedai,203,226,17,17,,,2,49,11.94117647,2019/20,2023/24,17
Nithish Kumar Reddy,92,100,4,4,,,2,41,23,2021/22,2021/22,4
Nitin Tanwar,55,64,7,4,,,,19,13.75,2017/18,2021/22,7
Nitin Yadav,3,4,2,1,,,,3,3,2017/18,2017/18,2
Nongthombam Denin,14,15,2,2,,,,9,7,2020/21,2020/21,2
Nzanthung Mozhui,5,19,2,2,,,,5,2.5,2021/22,2022/23,2
OA Shah,4,8,2,1,,,,3,4,2017/18,2017/18,2
Oren Ngullie,4,23,2,2,,,,4,2,2019/20,2019/20,2
P Awana,8,12,1,0,,,,8,8,2015/16,2015/16,1
P Chopra,144,128,5,4,,1,,61,36,2022/23,2022/23,5
P Negi,247,184,17,5,,,2,41,49.4,2015/16,2018/19,17
P Nitesh Reddy,2,9,1,1,,,,2,2,2022/23,2022/23,1
P Prafullomani,197,270,15,12,,2,1,52,16.41666667,2018/19,2023/24,15
P Prasanth,64,51,9,5,,,,17,12.8,2015/16,2017/18,9
P Saravana Kumar,11,5,1,1,,,,11,11,2021/22,2021/22,1
P Suyal,0,1,1,1,,,,0,0,2018/19,2018/19,1
P Thamaraikannan,63,86,7,3,,,,25,21,2018/19,2020/21,7
PA Dahiya,7,11,1,1,,,,7,7,2022/23,2022/23,1
PA Patel,407,274,15,14,,4,2,70,29.07142857,2015/16,2019/20,15
PA Reddy,532,401,20,18,,3,6,70,29.55555556,2015/16,2019/20,20
PB Mehta,7,6,1,1,,,,7,7,2015/16,2015/16,1
PJ Bhati,167,136,7,7,,,3,44,23.85714286,2015/16,2017/18,7
PJ Sangwan,100,80,8,5,,,,29,20,2015/16,2023/24,8
PK Garg,268,225,16,14,,2,1,59,19.14285714,2018/19,2022/23,16
PP Ojha,3,4,2,2,,,,3,1.5,2015/16,2017/18,2
PP Shaw,651,413,22,22,1,5,3,134,29.59090909,2018/19,2022/23,22
PR Shah,26,24,4,3,,,,13,8.666666667,2015/16,2015/16,4
PR Yadav,36,47,3,4,,,,20,9,2015/16,2015/16,3
PS Kataria,3,12,2,2,,,,3,1.5,2018/19,2018/19,2
PS Kumar,12,12,1,1,,,,12,12,2019/20,2019/20,1
PS Sairam,11,10,2,1,,,,6,11,2018/19,2018/19,2
PV Tambe,0,1,1,1,,,,0,0,2015/16,2015/16,1
Padam Limboo,16,22,2,0,,,,16,8,2019/20,2019/20,2
Pallavkumar Das,600,446,31,34,,1,7,77,17.64705882,2015/16,2023/24,31
Palzor Tamang,107,171,18,15,,,,19,7.133333333,2018/19,2021/22,18
Pankaj Jaswal,33,20,2,1,,,,27,33,2022/23,2022/23,2
Pankaj Kumar,12,9,2,0,,,,8,6,2021/22,2021/22,2
Pankaj Shaw,52,50,5,3,,,,14,17.33333333,2015/16,2015/16,5
Pappu Roy,3,14,5,2,,,,2,1.5,2018/19,2020/21,5
Parameeswaran Sivaraman,32,38,3,3,,,1,32,10.66666667,2022/23,2022/23,3
Paramjeet Singh,210,210,15,17,,1,1,64,12.35294118,2018/19,2022/23,15
Paras Dogra,715,553,23,21,,5,7,89,34.04761905,2018/19,2022/23,23
Paras Sehrawat,51,38,4,3,,,,22,17,2018/19,2018/19,4
Paresh Patel,15,16,2,2,,,,14,7.5,2017/18,2017/18,2
Parikshit Valsangkar,24,24,3,2,,,,10,12,2017/18,2017/18,3
Parth Chauhan,76,53,6,3,,,,25,25.33333333,2020/21,2022/23,6
Parth Kohli,59,64,3,2,,,,24,29.5,2021/22,2021/22,3
Parth Sahani,737,614,34,27,,2,8,74,27.2962963,2015/16,2023/24,34
Parvez Ahmed,75,128,14,12,,,,14,6.25,2018/19,2022/23,14
Parvez Aziz,59,67,3,2,,,1,30,29.5,2019/20,2019/20,3
Parvez Rasool,362,310,20,16,,1,4,59,22.625,2015/16,2021/22,20
Pathirikattu Midhun,23,24,6,5,,,,17,4.6,2017/18,2019/20,6
Pavan Deshpande,297,232,12,10,,2,1,63,29.7,2017/18,2021/22,12
Pinninti Tapaswi,8,6,2,2,,,,8,4,2021/22,2021/22,2
Piyush Chawla,364,280,29,20,,,3,41,18.2,2015/16,2023/24,29
Piyush Joshi,105,94,7,7,,1,,64,15,2019/20,2022/23,7
Piyush Tanwar,110,102,4,3,,1,,55,36.66666667,2018/19,2018/19,4
Ponnan Rahul,11,12,2,2,,,,7,5.5,2019/20,2019/20,2
Prabesh Gurung,3,12,2,2,,,,3,1.5,2019/20,2019/20,2
Prabhsimran Singh,1171,887,41,33,1,8,6,119,35.48484848,2015/16,2023/24,41
Prabin Luha,1,7,1,1,,,,1,1,2019/20,2019/20,1
Pradeep Chamoli,2,2,2,1,,,,2,2,2019/20,2019/20,2
Pradeep Dadhe,0,1,1,1,,,,0,0,2020/21,2020/21,1
Pradipta Pramanik,23,21,4,3,,,,11,7.666666667,2017/18,2021/22,4
Pradyun Saikia,21,14,1,0,,,,21,21,2021/22,2021/22,1
Pragnay Reddy,42,65,8,8,,,1,30,5.25,2020/21,2022/23,8
Pramod Chandila,206,183,13,11,,1,1,70,18.72727273,2015/16,2019/20,13
Pranav Gupta,22,39,1,1,,,,22,22,2017/18,2017/18,1
Pranshu Vijayran,42,32,5,3,,,1,34,14,2018/19,2022/23,5
Prashant Awasthi,67,55,6,4,,,,25,16.75,2018/19,2018/19,6
Prashant Gupta,408,339,11,12,,2,7,54,34,2015/16,2018/19,11
Prashant Veer,0,1,1,1,,,,0,0,2023/24,2023/24,1
Prasidh Krishna,1,5,1,1,,,,1,1,2020/21,2020/21,1
Pratham Singh,877,702,32,31,,7,5,89,28.29032258,2018/19,2023/24,32
Prathamesh Gawas,5,4,1,1,,,,5,5,2019/20,2019/20,1
Pratik Das,34,29,2,1,,,,20,34,2020/21,2021/22,2
Pratik Desai,66,54,4,4,,,,27,16.5,2020/21,2020/21,4
Pratik Salunke,13,10,2,1,,,,7,13,2018/19,2018/19,2
Pratik Sargade,0,1,1,1,,,,0,0,2018/19,2018/19,1
Pratyush Singh,53,86,14,11,,,,10,4.818181818,2017/18,2021/22,14
Praveen Deshetti,48,49,3,3,,,,25,16,2015/16,2015/16,3
Praveen Dubey,100,95,12,9,,,1,33,11.11111111,2017/18,2021/22,12
Prayas Ray Barman,23,16,4,3,,,,15,7.666666667,2018/19,2020/21,4
Prayash Singh,119,143,13,11,,,1,34,10.81818182,2015/16,2021/22,13
Premraj Rajavelu,11,27,2,2,,,,11,5.5,2020/21,2021/22,2
Prerak Mankad,665,478,28,20,,5,4,71,33.25,2015/16,2022/23,28
Pritam Debnath,3,7,2,2,,,,3,1.5,2017/18,2017/18,2
Pritam Nirala,8,22,4,4,,,,4,2,2018/19,2019/20,4
Prithvi Raj,3,1,1,0,,,,3,3,2018/19,2018/19,1
Priyank Panchal,978,772,35,37,,6,9,79,26.43243243,2015/16,2023/24,35
Priyansh Arya,193,131,6,6,,2,,81,32.16666667,2021/22,2023/24,6
Priyesh Patel,59,48,4,5,,,,24,11.8,2020/21,2022/23,4
Pulkit Narang,15,16,1,0,,,,15,15,2019/20,2019/20,1
Puneet Datey,21,13,4,3,,,,8,7,2015/16,2022/23,4
Puneet Kumar,0,1,1,1,,,,0,0,2020/21,2020/21,1
Puneet Malik,33,32,1,1,,,1,33,33,2018/19,2018/19,1
Punit Bisht,487,317,20,17,1,1,3,146,28.64705882,2018/19,2021/22,20
Qamran Iqbal,201,191,8,8,,,3,40,25.125,2020/21,2023/24,8
R Ashwin,54,49,6,4,,,,16,13.5,2018/19,2019/20,6
R Bhatia,200,206,10,9,,,3,42,22.22222222,2015/16,2018/19,10
R Bishnoi,326,278,21,17,,2,1,76,19.17647059,2015/16,2020/21,21
R Dhawan,13,15,4,2,,,,7,6.5,2022/23,2022/23,4
R Rohit,5,3,1,1,,,,5,5,2018/19,2018/19,1
R Sathish,20,9,2,2,,,,12,10,2015/16,2015/16,2
R Vinay Kumar,261,209,18,13,,,2,38,20.07692308,2015/16,2019/20,18
RA Patil,2,4,1,1,,,,2,2,2022/23,2022/23,1
RA Tripathi,717,589,29,25,,6,3,70,28.68,2015/16,2023/24,29
RB Bishnoi Jr,23,44,5,5,,,,19,4.6,2021/22,2023/24,5
RD Banik,45,72,5,5,,,,12,9,2015/16,2015/16,5
RG Hazarika,72,64,3,3,,,1,39,24,2022/23,2022/23,3
RG More,11,7,2,0,,,,9,5.5,2019/20,2020/21,2
RH Bhatt,116,109,10,8,,,1,40,14.5,2015/16,2017/18,10
RH Motwani,70,57,4,4,,,1,36,17.5,2015/16,2018/19,4
RL Jangid,235,212,19,14,,,1,34,16.78571429,2015/16,2018/19,19
RM Dagar,19,28,2,2,,,,10,9.5,2015/16,2015/16,2
RN Gurbani,14,27,4,4,,,,12,3.5,2015/16,2019/20,4
RP Sharma,309,248,21,12,,1,2,50,25.75,2015/16,2023/24,21
RP Singh,1,3,2,1,,,,1,1,2015/16,2015/16,2
RR Biswa,167,195,13,12,,,1,36,13.91666667,2018/19,2019/20,13
RR Pant,443,258,8,6,1,4,2,116,73.83333333,2017/18,2019/20,8
RR Raje,1,4,2,2,,,,1,0.5,2015/16,2015/16,2
RR Rathod,213,165,11,9,,1,2,51,23.66666667,2018/19,2020/21,11
RR Taylor,44,39,1,0,,,1,44,44,2015/16,2015/16,1
RS Jaganath Sinivas,31,18,2,0,,,1,31,15.5,2023/24,2023/24,2
RT Arothe,12,19,7,6,,,,5,2,2015/16,2019/20,7
RV Gomez,124,95,10,7,,,1,47,17.71428571,2015/16,2018/19,10
RV Uthappa,766,597,29,28,,6,3,91,27.35714286,2015/16,2021/22,29
Rachit Bhatia,1,5,1,1,,,,1,1,2018/19,2018/19,1
Rahil Shah,4,4,2,1,,,,4,4,2017/18,2021/22,2
Rahul Batham,34,34,2,2,,,1,32,17,2023/24,2023/24,2
Rahul Buddhi,237,189,15,11,,,2,38,21.54545455,2020/21,2023/24,15
Rahul Chahar,32,42,9,5,,,,8,6.4,2017/18,2022/23,9
Rahul Dalal,294,244,11,11,,2,2,75,26.72727273,2019/20,2020/21,11
Rahul Kumar,3,4,1,1,,,,3,3,2020/21,2020/21,1
Rahul Shukla,18,18,5,3,,,,11,6,2015/16,2019/20,5
Rahul Singh,613,421,24,18,,4,4,76,34.05555556,2017/18,2023/24,24
Rahul Tewatia,593,379,29,17,,1,8,59,34.88235294,2017/18,2023/24,29
Rajashekhar Harikant,75,80,10,6,,,,26,12.5,2015/16,2019/20,10
Rajat Dey,488,368,21,16,,2,5,82,30.5,2015/16,2023/24,21
Rajat Paliwal,521,452,27,22,,1,3,54,23.68181818,2015/16,2021/22,27
Rajat Patidar,982,697,30,28,,10,5,96,35.07142857,2017/18,2023/24,30
Rajendran Vivek,65,50,5,3,,,1,36,21.66666667,2018/19,2018/19,5
Rajesh Dhuper,392,390,19,17,,1,3,90,23.05882353,2017/18,2021/22,19
Rajesh Mohanty,69,71,7,6,,,1,36,11.5,2018/19,2020/21,7
Rajesh Tati,7,16,1,1,,,,7,7,2019/20,2019/20,1
Rajiv Darjee,4,10,1,0,,,,4,4,2020/21,2020/21,1
Rajjakuddin Ahmed,342,240,25,19,,,6,39,18,2017/18,2022/23,25
Rajvardhan Hangargekar,6,7,2,2,,,,6,3,2020/21,2020/21,2
Rakesh Kumar,0,5,2,2,,,,0,0,2020/21,2020/21,2
Rakesh Thakur,86,96,9,5,,,1,32,17.2,2020/21,2023/24,9
Rakshan Readdi,2,5,2,0,,,,2,1,2021/22,2022/23,2
Ram Dayal,28,47,6,5,,,,8,5.6,2017/18,2020/21,6
Ram Gurung,11,13,2,1,,,,7,11,2021/22,2023/24,2
Ramachandran Ragupathy,118,119,5,5,,,3,39,23.6,2021/22,2022/23,5
Ramandeep Singh,169,115,15,10,,,1,32,16.9,2020/21,2023/24,15
Rana Dutta,76,82,8,4,,,,18,19,2015/16,2022/23,8
Ranjeet Mali,1,4,2,2,,,,1,0.5,2015/16,2015/16,2
Ranjeet Nikam,55,56,6,6,,,,20,9.166666667,2020/21,2021/22,6
Ranjot Khaira,4,7,1,1,,,,4,4,2023/24,2023/24,1
Rasikh Salam,11,22,4,3,,,,4,3.666666667,2018/19,2023/24,4
Raushan Raj,23,23,3,1,,,,10,23,2015/16,2015/16,3
Ravi Bishnoi,31,36,7,7,,,,15,4.428571429,2018/19,2021/22,7
Ravi Chauhan,739,629,22,19,,8,2,86,38.89473684,2017/18,2021/22,22
Ravi Kiran,5,11,3,0,,,,3,1.666666667,2015/16,2019/20,3
Ravi Teja,155,130,16,14,,,1,31,11.07142857,2017/18,2022/23,16
Ravikumar Samarth,153,152,9,9,,,1,31,17,2015/16,2019/20,9
Ravikumar Thakur,2,3,1,0,,,,2,2,2015/16,2015/16,1
Reagan Pinto,17,35,3,3,,,,11,5.666666667,2015/16,2015/16,3
Remruatdika Ralte,11,19,4,3,,,,5,3.666666667,2022/23,2023/24,4
Rex Rajkumar,167,160,14,12,,,1,30,13.91666667,2019/20,2023/24,14
Ricky Bhui,926,613,28,21,2,4,8,108,44.0952381,2017/18,2023/24,28
Rinku Singh,900,584,34,25,,8,5,79,36,2017/18,2023/24,34
Rinzing Bhutia,16,14,1,0,,,,16,16,2018/19,2018/19,1
Ripal Patel,295,208,17,13,,,3,41,22.69230769,2019/20,2023/24,17
Rishabh Chouhan,225,195,16,13,,1,,63,17.30769231,2018/19,2023/24,16
Rishav,1,5,1,1,,,,1,1,2021/22,2021/22,1
Rishav Das,356,333,18,19,,2,3,56,18.73684211,2017/18,2023/24,18
Rishikesh Das,9,13,1,1,,,,9,9,2015/16,2015/16,1
Ritesh Negi,17,19,3,2,,,,10,8.5,2015/16,2015/16,3
Ritwik Roy Chowdhury,208,167,15,8,,,2,36,26,2018/19,2023/24,15
Riyan Parag,874,633,26,20,,10,3,77,43.7,2018/19,2023/24,26
Robin Bist,171,172,10,9,,,3,45,19,2018/19,2021/22,10
Rohan Kadam,995,778,25,21,,9,7,89,47.38095238,2018/19,2021/22,25
Rohan Kunnummal,361,332,13,10,,3,3,56,36.1,2018/19,2023/24,13
Rohan Prem,394,363,15,15,,3,4,69,26.26666667,2015/16,2018/19,15
Rohit Dahiya,102,75,8,7,,,1,40,14.57142857,2015/16,2017/18,8
Rohit Dangwal,1,10,2,0,,,,1,0.5,2018/19,2018/19,2
Rohit Jhanjhariya,50,56,2,1,,,1,49,50,2018/19,2018/19,2
Rohit Rayudu,679,551,28,25,,5,5,77,27.16,2017/18,2023/24,28
Rohit Shah,84,118,5,3,,,1,38,28,2020/21,2021/22,5
Rojith Ganesh,17,24,3,3,,,,9,5.666666667,2021/22,2021/22,3
Romario Sharma,37,31,3,2,,,,20,18.5,2017/18,2017/18,3
Rongsen Jonathan,493,494,21,22,,3,5,66,22.40909091,2018/19,2023/24,21
Roosh Kalaria,87,73,14,8,,,,15,10.875,2015/16,2022/23,14
Rosan Kumar Rao,39,56,3,2,,,1,31,19.5,2015/16,2015/16,3
Roshan Alam,18,18,3,1,,,,14,18,2019/20,2021/22,3
Ruturaj Gaikwad,1132,830,34,32,,9,7,82,35.375,2017/18,2021/22,34
S Anirudha,147,117,6,3,,1,2,54,49,2015/16,2018/19,6
S Aravind,8,12,5,3,,,,6,2.666666667,2015/16,2017/18,5
S Arora,68,47,1,0,,1,,68,68,2021/22,2021/22,1
S Dhawan,194,159,8,8,,1,1,77,24.25,2019/20,2022/23,8
S Gopal,65,55,8,8,,,,20,8.125,2015/16,2023/24,8
S Sanandia,53,39,6,3,,,,18,17.66666667,2015/16,2017/18,6
S Sandeep Warrier,1,4,3,2,,,,1,0.5,2015/16,2017/18,3
SA Asnodkar,169,141,10,11,,1,,72,15.36363636,2015/16,2017/18,10
SB Jakati,38,48,7,6,,,,20,6.333333333,2015/16,2017/18,7
SB Wagh,64,74,12,6,,,,13,10.66666667,2017/18,2021/22,12
SD Chitnis,3,4,1,1,,,,3,3,2015/16,2015/16,1
SD Lad,764,641,36,31,,3,9,82,24.64516129,2015/16,2022/23,36
SJ Barman,3,3,1,0,,,,3,3,2017/18,2017/18,1
SK Ismail,0,1,1,1,,,,0,0,2018/19,2018/19,1
SK Patel,282,254,10,10,,1,4,73,28.2,2017/18,2020/21,10
SK Raina,630,489,23,20,1,4,2,126,31.5,2015/16,2020/21,23
SL Verma,84,49,4,4,,1,,51,21,2022/23,2022/23,4
SM Fallah,5,11,4,1,,,,2,5,2017/18,2020/21,4
SM Gugale,75,84,9,9,,,,19,8.333333333,2015/16,2020/21,9
SM Singha,165,202,11,10,,,2,45,16.5,2015/16,2021/22,11
SN Mandal,39,40,1,1,,,1,39,39,2022/23,2022/23,1
SN Thakur,44,61,8,5,,,,10,8.8,2015/16,2019/20,8
SP Goswami,1131,818,35,32,,10,5,86,35.34375,2015/16,2022/23,35
SR Swain,52,42,5,4,,,,27,13,2015/16,2015/16,5
SS Bandekar,59,61,5,4,,,1,31,14.75,2015/16,2015/16,5
SS Bandiwar,0,4,1,1,,,,0,0,2015/16,2015/16,1
SS Dobal,75,41,2,2,,1,,71,37.5,2015/16,2015/16,2
SS Dubhashi,6,11,1,0,,,,6,6,2022/23,2022/23,1
SS Iyer,1146,802,31,27,2,6,6,147,42.44444444,2015/16,2022/23,31
SS Mundhe,598,469,26,18,,5,3,91,33.22222222,2015/16,2022/23,26
SS Shinde,7,8,3,2,,,,6,3.5,2017/18,2017/18,3
SSK Bal,53,38,3,2,,,1,34,26.5,2020/21,2020/21,3
ST Suwalka,23,36,2,0,,,,13,11.5,2015/16,2015/16,2
STR Binny,388,325,23,15,,1,6,52,25.86666667,2015/16,2020/21,23
SU Shrivastava,195,189,12,8,,1,1,56,24.375,2015/16,2019/20,12
Saahil Jain,135,132,11,10,,,1,31,13.5,2015/16,2021/22,11
Sabin Chettri,3,5,1,1,,,,3,3,2019/20,2019/20,1
Sachidanand Pandey,35,30,5,3,,,,22,11.66666667,2017/18,2021/22,5
Sachin Baby,1111,854,35,30,,8,11,79,37.03333333,2015/16,2022/23,35
Sachin Kumar,140,130,12,5,,,1,34,28,2019/20,2022/23,12
Sagar Solanki,18,20,2,2,,,,13,9,2023/24,2023/24,2
Sagar Trivedi,92,101,11,9,,,,17,10.22222222,2017/18,2021/22,11
Sagar Udeshi,17,32,5,5,,,,9,3.4,2019/20,2022/23,5
Sagun Kamat,400,405,16,14,,2,3,61,28.57142857,2015/16,2018/19,16
Sahil Lotra,6,6,1,1,,,,6,6,2023/24,2023/24,1
Sai Kishore,26,30,8,4,,,,7,6.5,2017/18,2023/24,8
Sai Sudharsan,218,198,9,5,,1,3,54,43.6,2021/22,2023/24,9
Saidingliana Sailo,18,40,5,3,,,,6,6,2018/19,2019/20,5
Sairaj Patil,31,29,2,1,,,1,31,31,2020/21,2022/23,2
Sakibul Gani,252,228,11,9,,1,2,53,28,2020/21,2022/23,11
Salman Baig,5,6,2,2,,,,5,2.5,2018/19,2018/19,2
Salman Khan,184,146,11,8,,,2,47,23,2017/18,2022/23,11
Salman Nizar,188,140,11,5,,1,1,57,37.6,2015/16,2023/24,11
Samar Quadri,8,13,5,3,,,,5,2.666666667,2018/19,2020/21,5
Samarpit Joshi,39,28,1,1,,,1,39,39,2022/23,2022/23,1
Samarth Seth,275,260,12,10,,2,2,66,27.5,2018/19,2019/20,12
Samarth Vyas,512,362,22,18,,3,4,97,28.44444444,2019/20,2023/24,22
Sameer Choudhary,16,30,3,3,,,,10,5.333333333,2019/20,2021/22,3
Sameer Rizvi,187,148,6,4,,1,2,59,46.75,2022/23,2023/24,6
Samit Gohel,18,19,1,1,,,,18,18,2021/22,2021/22,1
Sams Alam,4,3,2,1,,,,4,4,2018/19,2018/19,2
Sanatombaroy Laiphangbam,0,3,1,1,,,,0,0,2021/22,2021/22,1
Sandeep Pattnaik,193,181,9,7,,2,,54,27.57142857,2018/19,2021/22,9
Sanjay Budhwar,0,3,1,0,,,,0,0,2015/16,2015/16,1
Sanjay Majumder,99,113,13,10,,,,27,9.9,2015/16,2023/24,13
Sanjay Raghunath,116,103,4,5,,1,1,63,23.2,2021/22,2022/23,4
Sanjay Yadav,499,424,24,22,,2,5,55,22.68181818,2017/18,2023/24,24
Sanju Samson,946,726,31,23,,11,4,87,41.13043478,2015/16,2023/24,31
Sankar Paul,71,78,5,4,,,,27,17.75,2020/21,2021/22,5
Santha Moorthy,4,8,1,1,,,,4,4,2020/21,2020/21,1
Sanvir Singh,226,126,12,4,,1,1,55,56.5,2021/22,2023/24,12
Saransh Jain,23,33,4,3,,,,11,7.666666667,2019/20,2023/24,4
Sarbeswar Mohanty,30,39,6,4,,,,16,7.5,2018/19,2021/22,6
Sarfaraz Ashraf,34,59,6,6,,,,15,5.666666667,2019/20,2019/20,6
Sarfaraz Khan,360,295,22,18,,2,3,53,20,2017/18,2023/24,22
Sarthak Ranjan,61,48,4,4,,,1,31,15.25,2015/16,2017/18,4
Sarul Kanwar,148,139,8,8,,1,1,50,18.5,2017/18,2021/22,8
Sarvesh Rohilla,48,48,4,4,,,,29,12,2017/18,2023/24,4
Satish Jangir,7,11,1,1,,,,7,7,2018/19,2018/19,1
Satyajeet Bachhav,51,56,11,6,,,,10,8.5,2018/19,2021/22,11
Saurabh Dubey,45,19,2,0,,,1,38,22.5,2015/16,2015/16,2
Saurabh Tiwary,656,527,31,21,,4,2,57,31.23809524,2015/16,2021/22,31
Saurabh Wakaskar,239,161,8,7,1,,1,118,34.14285714,2015/16,2017/18,8
Saurav Chauhan,242,212,13,10,,1,3,50,24.2,2021/22,2023/24,13
Sayan Ghosh,16,10,2,1,,,,8,16,2017/18,2017/18,2
Sayan Mondal,146,131,6,6,,2,,52,24.33333333,2015/16,2015/16,6
Sedezhalie Rupero,166,232,14,13,,,2,38,12.76923077,2018/19,2023/24,14
Shahbaz Ahmed,232,199,16,11,,1,1,60,21.09090909,2018/19,2023/24,16
Shahbaz Nadeem,66,67,8,7,,,,27,9.428571429,2015/16,2021/22,8
Shaik Rasheed,84,80,4,3,,,2,37,28,2022/23,2023/24,4
Shams Mulani,111,92,11,8,,1,,73,13.875,2018/19,2023/24,11
Shantanu Mishra,14,11,2,1,,,,8,14,2018/19,2020/21,2
Shanu Saini,2,4,1,0,,,,2,2,2020/21,2020/21,1
Sharad Lumba,134,103,8,8,,,1,31,16.75,2017/18,2019/20,8
Sharafuddeen,3,7,1,1,,,,3,3,2021/22,2021/22,1
Shashank Singh,58,55,6,5,,,,25,11.6,2015/16,2017/18,6
Shasheem Rathour,260,253,12,11,,2,2,60,23.63636364,2015/16,2020/21,12
Shashi Anand,0,4,1,1,,,,0,0,2021/22,2021/22,1
Shashi Shekhar,1,4,3,0,,,,1,0.333333333,2019/20,2019/20,3
Shashidhar Reddy,4,9,1,1,,,,4,4,2019/20,2019/20,1
Shashwat Kohli,51,70,7,8,,,,22,6.375,2019/20,2019/20,7
Shashwat Rawat,8,16,2,2,,,,8,4,2021/22,2021/22,2
Sheldon Jackson,1069,841,37,29,1,8,6,106,36.86206897,2015/16,2023/24,37
Shiva Chauhan,6,3,1,1,,,,6,6,2021/22,2021/22,1
Shiva Singh,635,568,28,28,,4,2,93,22.67857143,2015/16,2023/24,28
Shivalik Sharma,59,52,3,3,,,1,46,19.66666667,2023/24,2023/24,3
Shivam Bhambri,380,296,12,11,,3,2,75,34.54545455,2019/20,2021/22,12
Shivam Chaudhary,586,514,23,21,,4,5,84,27.9047619,2017/18,2023/24,23
Shivam Chauhan,627,518,22,21,,3,9,59,29.85714286,2017/18,2021/22,22
Shivam Dube,528,413,32,20,,1,2,63,26.4,2015/16,2023/24,32
Shivam Khurana,50,47,4,4,,,,29,12.5,2018/19,2018/19,4
Shivam Mavi,2,8,2,2,,,,1,1,2020/21,2021/22,2
Shivam Sharma,15,20,3,2,,,,12,7.5,2015/16,2021/22,3
Shivank Vashisth,12,23,3,2,,,,6,6,2021/22,2022/23,3
Shivendra Singh,6,6,1,1,,,,6,6,2019/20,2019/20,1
Shoaib Mohammed Khan,81,76,6,3,,,,26,27,2017/18,2022/23,6
Shreshth Nirmohi,1,2,1,0,,,,1,1,2019/20,2019/20,1
Shubham Chaubey,182,153,15,12,,,1,35,15.16666667,2015/16,2023/24,15
Shubham Dubey,181,151,9,8,,,1,38,22.625,2021/22,2022/23,9
Shubham Kamal Sharma,13,22,3,2,,,,5,6.5,2021/22,2021/22,3
Shubham Khajuria,322,282,19,16,,2,2,73,20.125,2015/16,2023/24,19
Shubham Kumar Singh,0,1,1,1,,,,0,0,2021/22,2021/22,1
Shubham Pundir,452,410,21,14,,2,3,68,32.28571429,2017/18,2023/24,21
Shubham Ranjane,256,228,12,9,,1,3,52,28.44444444,2018/19,2021/22,12
Shubham Sharma,518,441,26,26,,4,1,84,19.92307692,2015/16,2023/24,26
Shubhang Hegde,0,1,1,1,,,,0,0,2023/24,2023/24,1
Shubman Gill,635,468,18,16,1,3,5,126,39.6875,2018/19,2022/23,18
Sibsankar Roy,528,432,20,18,,4,4,83,29.33333333,2015/16,2023/24,20
Siddarth Kaul,12,13,5,4,,,,6,3,2015/16,2017/18,5
Siddhesh Wath,166,162,9,8,,,2,36,20.75,2020/21,2021/22,9
Sijomon Joseph,0,2,1,1,,,,0,0,2017/18,2017/18,1
Sinan Khadir,56,65,7,7,,,,17,8,2018/19,2018/19,7
Sirla Srinivas,105,94,6,5,,,,29,21,2015/16,2015/16,6
Sitesh Das,20,27,1,0,,,,20,20,2023/24,2023/24,1
Snehal Kauthankar,392,373,20,17,,2,3,57,23.05882353,2015/16,2022/23,20
Soaeb Tai,56,51,5,2,,,,26,28,2015/16,2017/18,5
Sohraab Dhaliwal,213,137,14,10,,,2,45,21.3,2015/16,2018/19,14
Somnath Soni,0,3,1,1,,,,0,0,2018/19,2018/19,1
Somorjit Salam,13,14,3,1,,,,12,13,2019/20,2021/22,3
Song Tacho,74,104,10,8,,,,26,9.25,2018/19,2021/22,10
Sonu Singh,2,4,1,1,,,,2,2,2019/20,2019/20,1
Soubhagya Rout,35,28,4,3,,,,12,11.66666667,2020/21,2021/22,4
Sourav Dey,0,1,1,1,,,,0,0,2023/24,2023/24,1
Srinivas Fadte,32,33,6,4,,,,15,8,2015/16,2017/18,6
Subham Ghosh,87,100,7,3,,,1,36,29,2020/21,2023/24,7
Subham Nayak,1,3,1,1,,,,1,1,2018/19,2018/19,1
Subhranshu Senapati,438,346,17,16,,2,6,64,27.375,2017/18,2021/22,17
Suboth Bhati,122,92,17,10,,,,26,12.2,2015/16,2021/22,17
Subramanian Anand,177,172,8,8,,,3,42,22.125,2019/20,2020/21,8
Sudip Chatterjee,399,358,21,18,,3,3,51,22.16666667,2015/16,2023/24,21
Sudip Kumar Gharami,1,6,1,1,,,,1,1,2023/24,2023/24,1
Sufiyan Alam,5,10,2,2,,,,3,2.5,2021/22,2021/22,2
Suheh Hussain,27,28,3,2,,,,18,13.5,2018/19,2018/19,3
Sujit Nayak,38,28,4,1,,,,17,38,2019/20,2020/21,4
Sukesh Heera,0,3,1,1,,,,0,0,2020/21,2020/21,1
Sumit Ghadigaonkar,80,59,2,2,,1,,75,40,2023/24,2023/24,2
Sumit Kumar,628,515,38,26,,1,5,63,24.15384615,2015/16,2023/24,38
Sumit Lama,14,28,4,2,,,,8,7,2019/20,2020/21,4
Sumit Singh,122,115,8,7,,,,24,17.42857143,2015/16,2021/22,8
Sunil Roul,0,2,2,2,,,,0,0,2020/21,2020/21,2
Sunil Yadav,8,10,2,2,,,,7,4,2021/22,2021/22,2
Sunny Gupta,0,4,1,1,,,,0,0,2017/18,2017/18,1
Sunny Kashyap,4,7,2,1,,,,3,4,2018/19,2018/19,2
Sunny Rana,2,10,4,4,,,,2,0.5,2018/19,2019/20,4
Supriyo Chakraborty,9,9,2,1,,,,8,9,2019/20,2019/20,2
Suraj Ahuja,72,66,8,4,,,,22,18,2021/22,2022/23,8
Suraj Kashyap,22,36,2,2,,,,17,11,2021/22,2021/22,2
Suraj Tayam,29,55,3,2,,,,17,14.5,2019/20,2021/22,3
Suresh Kumar,21,28,3,2,,,,16,10.5,2019/20,2019/20,3
Suryansh Raina,91,75,6,6,,,2,48,15.16666667,2018/19,2020/21,6
Suyash Prabhudessai,468,333,23,17,,1,7,60,27.52941176,2017/18,2023/24,23
Swarajeet Das,70,106,11,8,,,,23,8.75,2018/19,2019/20,11
Swarupam Purkayastha,90,124,13,12,,,,27,7.5,2015/16,2019/20,13
Swastik Samal,25,32,5,3,,,,11,8.333333333,2015/16,2018/19,5
Syed Sagar,8,20,4,5,,,,8,1.6,2015/16,2015/16,4
Sylvester Mylliempdah,33,56,2,2,,,,26,16.5,2023/24,2023/24,2
T Kohli,812,747,26,23,,6,4,90,35.30434783,2018/19,2022/23,26
T Mishra,55,60,6,6,,,,25,9.166666667,2019/20,2019/20,6
T Pradeep,158,100,10,8,,,3,36,19.75,2019/20,2021/22,10
T Tatar,0,1,1,1,,,,0,0,2021/22,2021/22,1
TM Srivastava,229,196,6,5,,2,2,67,45.8,2019/20,2019/20,6
TS Saha,17,32,4,4,,,,6,4.25,2018/19,2020/21,4
Tahmeed Rahman,18,41,10,5,,,,7,3.6,2018/19,2023/24,10
Tajinder Singh,223,147,11,9,,1,2,51,24.77777778,2017/18,2018/19,11
Takam Tallum,3,7,1,1,,,,3,3,2020/21,2020/21,1
Tana Davit,12,18,3,3,,,,6,4,2018/19,2018/19,3
Tanay Thyagarajan,111,90,10,7,,,,25,15.85714286,2017/18,2022/23,10
Tanmay Agarwal,1143,1003,36,53,,8,11,97,21.56603774,2015/16,2023/24,36
Tanush Gusain,7,10,1,1,,,,7,7,2021/22,2021/22,1
Tanush Kotian,51,41,4,2,,,,28,25.5,2021/22,2022/23,4
Tanveer Ul-Haq,38,53,8,4,,,,11,9.5,2015/16,2021/22,8
Tarang Gohel,143,83,6,5,,2,,51,28.6,2022/23,2023/24,6
Tarani Sa,0,4,1,1,,,,0,0,2020/21,2020/21,1
Taranjitsingh Dhillon,13,11,2,2,,,,11,6.5,2020/21,2020/21,2
Tashi Bhalla,17,22,3,3,,,,13,5.666666667,2018/19,2018/19,3
Techi Doria,242,316,16,16,,,2,43,15.125,2018/19,2023/24,16
Techi Neri,64,92,11,6,,,,26,10.66666667,2018/19,2023/24,11
Techi Sonam,4,16,3,3,,,,4,1.333333333,2021/22,2021/22,3
Tejas Patel,43,25,4,1,,,,22,43,2018/19,2021/22,4
Tejosel Yiethun,8,12,1,1,,,,8,8,2019/20,2019/20,1
Temjentoshi Jamir,2,6,1,1,,,,2,2,2019/20,2019/20,1
Thomas Moirangthem,4,11,3,1,,,,2,4,2019/20,2019/20,3
Tilak Varma,521,371,18,13,,6,2,75,40.07692308,2018/19,2023/24,18
Treyaksh Bali,49,51,6,6,,,,23,8.166666667,2018/19,2019/20,6
Tripurana Vijay,23,29,1,1,,,,23,23,2023/24,2023/24,1
Tukuna Sahoo,15,23,3,2,,,,6,7.5,2015/16,2015/16,3
Tunish Sawkar,72,56,5,2,,,,23,36,2022/23,2023/24,5
Tushar Deshpande,13,15,5,3,,,,5,4.333333333,2017/18,2022/23,5
Tushar Gill,16,18,1,1,,,,16,16,2019/20,2019/20,1
U Kaul,140,145,4,4,,1,2,69,35,2021/22,2021/22,4
U U Bose,434,382,24,24,,2,1,72,18.08333333,2015/16,2020/21,24
UBT Chand,516,409,20,17,1,2,5,103,30.35294118,2015/16,2018/19,20
UR Patel,112,95,5,2,,,2,33,56,2015/16,2015/16,5
UT Yadav,56,29,6,2,,,,26,28,2018/19,2022/23,6
Umang Kumar,92,69,4,2,,,2,35,46,2023/24,2023/24,4
Umang Sharma,264,176,11,9,,1,3,95,29.33333333,2015/16,2017/18,11
Umar Alam,9,15,2,1,,,,7,9,2015/16,2015/16,2
Umar Nazir,13,12,3,1,,,,9,13,2017/18,2020/21,3
Unnikrishnan Manukrishnan,44,29,5,1,,,,21,44,2015/16,2023/24,5
Upendra Yadav,765,661,37,27,,4,7,70,28.33333333,2015/16,2023/24,37
Utkarsh Singh,174,147,9,8,,,2,49,21.75,2018/19,2021/22,9
Uvais Ahmad,214,128,7,6,,2,,72,35.66666667,2019/20,2019/20,7
V Athisayaraj Davidson,1,1,1,0,,,,1,1,2017/18,2017/18,1
V Cheluvaraj,27,38,2,2,,,,17,13.5,2015/16,2015/16,2
V Dhaka,3,5,1,1,,,,3,3,2020/21,2020/21,1
V Sehwag,4,10,2,2,,,,3,2,2015/16,2015/16,2
V Tokas,3,6,2,1,,,,2,3,2017/18,2018/19,2
VA Jagadeesh,84,95,8,7,,,,28,12,2015/16,2015/16,8
VG Arora,2,2,1,0,,,,2,2,2022/23,2022/23,1
VH Zol,132,139,8,8,,,1,38,16.5,2017/18,2019/20,8
VR Aaron,14,44,5,4,,,,9,3.5,2015/16,2022/23,5
VS Kahlon,0,3,1,1,,,,0,0,2022/23,2022/23,1
VV Gite,8,3,1,0,,,,8,8,2019/20,2019/20,1
VV More,13,9,1,1,,,,13,13,2020/21,2020/21,1
Vaibhav Bhatt,2,4,1,1,,,,2,2,2021/22,2021/22,1
Vaibhav Govekar,32,22,2,2,,,1,32,16,2018/19,2020/21,2
Vaibhav Singh Panwar,180,174,9,6,,,3,49,30,2018/19,2019/20,9
Vaisakh Chandran,32,34,3,2,,,,18,16,2019/20,2020/21,3
Varun Choudhary,13,16,1,0,,,,13,13,2021/22,2021/22,1
Varun Nayanar,7,7,1,1,,,,7,7,2023/24,2023/24,1
Varun Sood,185,181,9,4,,1,1,60,46.25,2018/19,2020/21,9
Vasuki Koushik,7,11,4,1,,,,3,7,2018/19,2020/21,4
Venkatesh Iyer,846,631,31,21,,4,7,88,40.28571429,2015/16,2023/24,31
Vidwath Kaverappa,0,2,1,1,,,,0,0,2023/24,2023/24,1
Vidyadhar Patil,1,1,1,0,,,,1,1,2021/22,2021/22,1
Vijay Bharti,28,37,4,4,,,,24,7,2018/19,2019/20,4
Vijay Jethi,18,16,2,2,,,,18,9,2021/22,2021/22,2
Vijay Rao,3,5,2,2,,,,2,1.5,2021/22,2021/22,2
Vijay Shankar,718,583,27,26,,4,5,81,27.61538462,2015/16,2023/24,27
Vijay Sharma,119,115,10,6,,,1,30,19.83333333,2018/19,2022/23,10
Vijaykumar Vyshak,11,13,5,3,,,,4,3.666666667,2021/22,2023/24,5
Vikas Hathwala,364,322,22,15,,1,3,61,24.26666667,2015/16,2021/22,22
Vikas Mishra,1,1,1,0,,,,1,1,2019/20,2019/20,1
Vikas Singh,57,45,4,3,,,,29,19,2015/16,2015/16,4
Vikas Yadav,48,42,5,1,,,,22,48,2019/20,2021/22,5
Vikash Kumar,21,18,5,4,,,,15,5.25,2021/22,2023/24,5
Vikash Singh,48,43,5,4,,,,25,12,2015/16,2020/21,5
Vikash Vishal,21,24,1,1,,,,21,21,2020/21,2020/21,1
Vikash Yadav,14,15,1,1,,,,14,14,2020/21,2020/21,1
Viki Saha,7,12,3,1,,,,6,7,2015/16,2023/24,3
Vikrant Rajput,153,142,6,5,,,3,48,30.6,2019/20,2020/21,6
Vinod Kumar,5,6,2,0,,,,3,2.5,2017/18,2017/18,2
Vinoop Manoharan,131,129,8,9,,1,2,52,14.55555556,2015/16,2018/19,8
Vipin Dhaka,17,29,2,1,,,,9,17,2021/22,2021/22,2
Virat Singh,1236,981,36,28,1,8,9,103,44.14285714,2015/16,2021/22,36
Vishal Das,1,2,2,0,,,,1,0.5,2018/19,2018/19,2
Vishal Jayswal,12,12,3,2,,,,12,6,2022/23,2023/24,3
Vishnu Solanki,812,695,37,30,,3,6,71,27.06666667,2017/18,2023/24,37
Vishnu Vinod,768,548,27,20,,5,5,71,38.4,2017/18,2023/24,27
Vishvaraj Jadeja,300,255,17,13,,1,2,50,23.07692308,2017/18,2023/24,17
Vivek Kumar,32,28,7,5,,,,18,6.4,2018/19,2019/20,7
Vivek Singh,1056,792,42,37,,8,6,71,28.54054054,2015/16,2023/24,42
Vivekanand Tiwari,18,12,3,0,,,,14,6,2019/20,2021/22,3
Vivrant Sharma,61,73,7,5,,,,24,12.2,2015/16,2023/24,7
W Nongkhlaw,3,8,1,0,,,,3,3,2018/19,2018/19,1
WP Saha,561,444,24,22,1,3,2,129,25.5,2015/16,2023/24,24
Walter Toppo,8,8,1,1,,,,8,8,2020/21,2020/21,1
Waseem Raza,32,48,7,6,,,,11,5.333333333,2015/16,2017/18,7
Washington Sundar,576,501,25,23,,1,9,53,25.04347826,2017/18,2023/24,25
Wasiqur Rahman,95,115,15,11,,,,20,8.636363636,2015/16,2022/23,15
Writtick Chatterjee,209,162,11,8,,1,3,51,26.125,2017/18,2021/22,11
X Thalaivan Sargunam,103,139,6,6,,,,29,17.16666667,2018/19,2018/19,6
Y Nagar,91,102,6,6,,,1,44,15.16666667,2018/19,2018/19,6
YB Kothari,53,80,5,6,,,,25,8.833333333,2021/22,2022/23,5
YD Gardharia,0,1,1,1,,,,0,0,2018/19,2018/19,1
YK Pathan,354,357,23,17,,,3,47,20.82352941,2015/16,2019/20,23
YV Rathod,36,31,1,1,,,1,36,36,2020/21,2020/21,1
YV Takawale,69,87,6,6,,,1,31,11.5,2019/20,2019/20,6
YY Singh,13,12,1,1,,,,13,13,2022/23,2022/23,1
Yab Niya,12,41,5,2,,,,6,6,2019/20,2023/24,5
Yara Sandeep,1,2,1,1,,,,1,1,2023/24,2023/24,1
Yash Dayal,6,12,3,1,,,,4,6,2018/19,2019/20,3
Yash Dhull,231,223,8,5,,1,3,66,46.2,2022/23,2023/24,8
Yash Nahar,250,214,12,12,1,,2,103,20.83333333,2018/19,2021/22,12
Yash Thakur,23,37,7,1,,,,10,23,2018/19,2020/21,7
Yashasvi Jaiswal,349,280,16,14,,2,2,66,24.92857143,2020/21,2023/24,16
Yashaswi Rishav,48,59,3,2,,,1,35,24,2021/22,2022/23,3
Yashpal Singh,547,473,20,21,,4,6,63,26.04761905,2015/16,2019/20,20
Yashu Sharma,58,49,4,4,,,,26,14.5,2018/19,2020/21,4
Yogesh Sharma,1,1,1,0,,,,1,1,2022/23,2022/23,1
Yogesh Tiwari,63,74,4,4,,1,,53,15.75,2020/21,2021/22,4
Yudhvir Singh,662,597,20,27,,6,5,80,24.51851852,2015/16,2023/24,20
Yuvraj Chudasama,9,12,3,1,,,,8,9,2017/18,2017/18,3
Yuvraj Singh,338,319,18,16,,2,4,54,21.125,2015/16,2023/24,18
Yuzvendra Chahal,33,38,8,5,,,,12,6.6,2015/16,2021/22,8
Zafar Ali,71,58,5,5,,,1,36,14.2,2015/16,2015/16,5
Zahoor Sofi,20,36,4,3,,,,9,6.666666667,2015/16,2015/16,4
