,bowler,innings,balls,runs,wkts,sixes,fours,dots,three_wicket_hauls,maiden_overs,bbi,dot%,avg,sr,econ
0,A Aravinddaraj,48,953,1187,48,39,122,347,3.0,8.0,5,36.41133263378804,24.729166666666668,19.854166666666668,7.473242392444911
1,A Singhania,13,204,240,9,9,11,62,1.0,0.0,4,30.392156862745097,26.666666666666668,22.666666666666668,7.0588235294117645
2,AA Bamal,5,122,115,3,2,8,41,0.0,0.0,2,33.60655737704918,38.333333333333336,40.666666666666664,5.655737704918033
3,AA Barot,1,18,31,1,3,1,6,0.0,0.0,1,33.33333333333333,31.0,18.0,10.333333333333334
4,AA Sanklecha,4,88,117,5,3,16,36,1.0,0.0,3,40.909090909090914,23.4,17.6,7.9772727272727275
5,AB Bhadoriya,2,42,43,0,1,3,16,0.0,0.0,0,38.095238095238095,,,6.142857142857143
6,AB Dinda,27,593,697,25,11,86,223,1.0,6.0,4,37.60539629005059,27.88,23.72,7.052276559865093
7,AD Nath,8,102,137,5,7,8,19,0.0,0.0,2,18.627450980392158,27.4,20.4,8.058823529411764
8,AG Jungade,2,30,45,1,2,2,7,0.0,0.0,1,23.333333333333332,45.0,30.0,9.0
9,AM Nayar,8,151,174,6,6,10,37,0.0,0.0,2,24.503311258278146,29.0,25.166666666666668,6.913907284768212
10,AN Longchar,1,5,6,0,0,1,2,0.0,0.0,0,40.0,,,7.2
11,AR Lamba,5,110,158,4,6,18,40,0.0,0.0,1,36.36363636363637,39.5,27.5,8.618181818181819
12,AS Karambelkar,3,31,57,0,4,4,5,0.0,0.0,0,16.129032258064516,,,11.03225806451613
13,AS Rajpoot,36,793,834,55,19,98,336,7.0,31.0,5,42.37074401008827,15.163636363636364,14.418181818181818,6.310214375788147
14,AS Raut,18,322,350,10,11,26,106,1.0,0.0,3,32.91925465838509,35.0,32.2,6.521739130434782
15,AS Surwar,3,60,80,4,4,4,17,0.0,0.0,2,28.333333333333332,20.0,15.0,8.0
16,AS Thakare,3,69,68,4,2,5,28,0.0,3.0,2,40.57971014492754,17.0,17.25,5.913043478260869
17,Aamir Aziz,1,24,21,1,1,0,8,0.0,0.0,1,33.33333333333333,21.0,24.0,5.25
18,Aaradhya Yadav,47,891,940,41,31,75,366,4.0,24.0,4,41.07744107744108,22.926829268292682,21.73170731707317,6.32996632996633
19,Aarya Desai,5,57,63,4,3,5,20,1.0,0.0,3,35.08771929824561,15.75,14.25,6.631578947368421
20,Abdul Samad,7,60,77,1,1,9,17,0.0,0.0,1,28.333333333333332,77.0,60.0,7.7
21,Abhay Negi,20,456,498,19,13,56,189,1.0,6.0,3,41.44736842105263,26.210526315789473,24.0,6.552631578947368
22,Abhijeet Saket,10,215,253,13,10,27,82,2.0,0.0,3,38.139534883720934,19.46153846153846,16.53846153846154,7.06046511627907
23,Abhijit Sarkar,24,619,739,18,20,78,215,3.0,0.0,3,34.733441033925686,41.05555555555556,34.388888888888886,7.163166397415186
24,Abhilash Gogoi,5,102,114,4,5,8,42,0.0,0.0,1,41.17647058823529,28.5,25.5,6.705882352941177
25,Abhilash Mallick,1,5,5,0,0,1,3,0.0,0.0,0,60.0,,,6.0
26,Abhimanyusingh Rajput,6,75,117,4,4,11,15,1.0,0.0,4,20.0,29.25,18.75,9.36
27,Abhishek Sakuja,2,49,61,0,3,4,14,0.0,0.0,0,28.57142857142857,,,7.469387755102041
28,Abid Mushtaq,14,294,292,11,12,18,123,0.0,0.0,2,41.83673469387755,26.545454545454547,26.727272727272727,5.959183673469388
29,Achit Shigwan,5,31,42,2,2,3,7,0.0,0.0,1,22.58064516129032,21.0,15.5,8.129032258064516
30,Adil Reshi,1,6,13,0,0,2,0,0.0,0.0,0,0.0,,,13.0
31,Aditya Garhwal,1,18,15,2,0,0,3,0.0,0.0,2,16.666666666666664,7.5,9.0,5.0
32,Aditya Jadeja,3,45,38,3,1,4,24,0.0,0.0,1,53.333333333333336,12.666666666666666,15.0,5.066666666666666
33,Aditya Sarwate,5,92,103,7,4,7,30,0.0,0.0,2,32.608695652173914,14.714285714285714,13.142857142857142,6.717391304347826
34,Aditya Waghmode,1,1,1,0,0,0,0,0.0,0.0,0,0.0,,,6.0
35,Agrim Tiwari,17,340,450,18,21,34,112,2.0,6.0,3,32.94117647058823,25.0,18.88888888888889,7.9411764705882355
36,Ajay Dev Goud,2,48,37,8,1,3,24,2.0,0.0,4,50.0,4.625,6.0,4.625
37,Akash Deep,21,465,487,25,9,60,206,2.0,0.0,4,44.3010752688172,19.48,18.6,6.283870967741936
38,Akash Luitel,2,26,31,0,1,2,9,0.0,0.0,0,34.61538461538461,,,7.153846153846154
39,Akash Madhwal,18,403,480,20,20,49,168,4.0,0.0,4,41.687344913151364,24.0,20.15,7.1464019851116625
40,Akash Pandey,14,260,397,10,18,41,86,2.0,0.0,4,33.07692307692307,39.7,26.0,9.161538461538461
41,Akash Parkar,7,118,179,7,10,15,33,1.0,0.0,3,27.966101694915253,25.571428571428573,16.857142857142858,9.101694915254237
42,Akash Raj,13,315,343,25,13,34,136,5.0,0.0,4,43.17460317460318,13.72,12.6,6.533333333333333
43,Akash Sengupta,4,83,110,8,3,11,25,2.0,0.0,3,30.120481927710845,13.75,10.375,7.951807228915663
44,Akash Sudan,3,65,85,5,6,9,35,0.0,12.0,2,53.84615384615385,17.0,13.0,7.846153846153846
45,Akash Vasisht,4,48,31,4,0,2,23,0.0,0.0,2,47.91666666666667,7.75,12.0,3.875
46,Akhil Rawat,2,25,43,1,3,3,6,0.0,0.0,1,24.0,43.0,25.0,10.32
47,Akshay Karnewar,43,871,798,43,29,43,356,2.0,41.0,4,40.87256027554535,18.558139534883722,20.25581395348837,5.497129735935706
48,Akshay Wadkar,40,825,861,35,35,47,290,3.0,6.0,3,35.15151515151515,24.6,23.571428571428573,6.261818181818182
49,Al Bashid Muhammed,4,67,55,2,1,1,23,0.0,0.0,1,34.32835820895522,27.5,33.5,4.925373134328358
50,Alok Sahoo,5,103,117,2,0,19,42,0.0,0.0,2,40.77669902912621,58.5,51.5,6.815533980582524
51,Aman Kumar,4,55,74,2,3,7,18,0.0,0.0,1,32.72727272727273,37.0,27.5,8.072727272727272
52,Aman Rao,23,480,470,27,17,20,173,4.0,6.0,4,36.041666666666664,17.40740740740741,17.77777777777778,5.875
53,Amiangshu Sen,7,99,133,7,4,13,29,1.0,0.0,3,29.292929292929294,19.0,14.142857142857142,8.06060606060606
54,Amit Ali,7,126,113,11,3,8,58,3.0,0.0,4,46.03174603174603,10.272727272727273,11.454545454545455,5.380952380952381
55,Amit Kuila,2,31,51,1,2,6,8,0.0,0.0,1,25.806451612903224,51.0,31.0,9.870967741935484
56,Amit Mishra,51,1082,1355,59,53,111,367,7.0,7.0,4,33.91866913123845,22.966101694915253,18.338983050847457,7.513863216266174
57,Amit Passi,1,21,23,4,1,1,5,1.0,0.0,4,23.809523809523807,5.75,5.25,6.571428571428571
58,Amrit Lubana,1,12,5,0,0,0,7,0.0,0.0,0,58.333333333333336,,,2.5
59,Amulya Pandrekar,16,288,332,11,14,21,94,0.0,6.0,2,32.63888888888889,30.181818181818183,26.181818181818183,6.916666666666667
60,Andrew Vanlalhruaia,3,52,97,1,6,9,10,0.0,0.0,1,19.230769230769234,97.0,52.0,11.192307692307692
61,Aniket Choudhary,42,881,953,49,33,95,397,3.0,6.0,3,45.062429057888764,19.448979591836736,17.979591836734695,6.490351872871737
62,Anikethreddy,3,72,66,3,3,4,37,0.0,6.0,2,51.388888888888886,22.0,24.0,5.5
63,Anil Subba,1,2,3,0,0,0,0,0.0,0.0,0,0.0,,,9.0
64,Anirudh Kanwar,3,66,71,2,1,7,25,0.0,0.0,1,37.878787878787875,35.5,33.0,6.454545454545454
65,Anish Charak,9,126,122,2,5,8,53,0.0,0.0,1,42.06349206349206,61.0,63.0,5.809523809523809
66,Ankit Dabas,2,32,47,0,2,4,6,0.0,0.0,0,18.75,,,8.8125
67,Ankit Lamba,1,9,6,0,0,0,0,0.0,0.0,0,0.0,,,4.0
68,Ankit Manori,1,19,24,0,1,3,7,0.0,0.0,0,36.84210526315789,,,7.578947368421052
69,Anshul Kamboj,4,71,75,6,1,9,33,1.0,0.0,3,46.478873239436616,12.5,11.833333333333334,6.338028169014085
70,Antony Dhas,3,55,48,7,0,5,24,2.0,1.0,4,43.63636363636363,6.857142857142857,7.857142857142857,5.236363636363636
71,Anukul Roy,37,766,788,32,33,51,302,5.0,18.0,4,39.425587467362924,24.625,23.9375,6.172323759791123
72,Aprameya Jaiswal,1,19,25,0,1,2,7,0.0,0.0,0,36.84210526315789,,,7.894736842105263
73,Arafat Khan,34,727,833,42,23,94,309,7.0,6.0,5,42.50343878954608,19.833333333333332,17.30952380952381,6.874828060522696
74,Arjit Gupta,12,183,195,10,6,12,62,1.0,0.0,3,33.87978142076503,19.5,18.3,6.39344262295082
75,Arjit Pannu,3,73,92,2,4,6,17,0.0,0.0,1,23.28767123287671,46.0,36.5,7.561643835616438
76,Arjun Sharma,48,924,1009,41,37,71,328,1.0,6.0,3,35.4978354978355,24.609756097560975,22.536585365853657,6.5519480519480515
77,Arjun Tendulkar,7,168,172,10,6,20,68,1.0,6.0,4,40.476190476190474,17.2,16.8,6.142857142857143
78,Arkaprabha Sinha,11,225,237,7,8,13,79,0.0,0.0,2,35.11111111111111,33.857142857142854,32.142857142857146,6.32
79,Arnab Nandi,9,188,191,8,7,13,73,0.0,0.0,2,38.82978723404255,23.875,23.5,6.095744680851064
80,Arpit Vasavada,4,35,14,4,0,0,23,0.0,0.0,2,65.71428571428571,3.5,8.75,2.4
81,Arshdeep Singh,64,1322,1545,59,45,156,467,5.0,18.0,4,35.32526475037822,26.1864406779661,22.406779661016948,7.012102874432678
82,Arun Chaprana,15,348,380,16,7,46,127,2.0,3.0,3,36.49425287356322,23.75,21.75,6.551724137931035
83,Arun Karthik,4,94,88,5,2,9,41,0.0,0.0,2,43.61702127659575,17.6,18.8,5.617021276595745
84,Aryan Sahani,20,410,508,25,14,51,141,3.0,0.0,4,34.390243902439025,20.32,16.4,7.434146341463415
85,Arzan Nagwaswalla,26,569,611,37,17,70,242,5.0,24.0,6,42.53075571177504,16.513513513513512,15.378378378378379,6.442882249560633
86,Ashish Chouhan,1,24,24,1,0,2,7,0.0,0.0,1,29.166666666666668,24.0,24.0,6.0
87,Ashish Thapa,1,6,15,1,2,0,2,0.0,0.0,1,33.33333333333333,15.0,6.0,15.0
88,Ashith Rajiv,12,272,317,9,8,32,104,1.0,0.0,3,38.23529411764706,35.22222222222222,30.22222222222222,6.992647058823529
89,Ashwin Hebbar,5,56,102,0,6,11,17,0.0,0.0,0,30.357142857142854,,,10.928571428571429
90,Aswin Crist,3,54,100,3,3,14,15,0.0,0.0,2,27.77777777777778,33.333333333333336,18.0,11.11111111111111
91,Atharva Ankolekar,8,174,158,6,3,11,73,0.0,0.0,2,41.95402298850575,26.333333333333332,29.0,5.448275862068965
92,Atharva Taide,12,154,130,10,3,8,65,0.0,12.0,2,42.2077922077922,13.0,15.4,5.064935064935065
93,Atif Attarwala,2,42,47,1,1,2,8,0.0,0.0,1,19.047619047619047,47.0,42.0,6.714285714285714
94,Atit Sheth,42,856,1052,55,39,111,344,8.0,11.0,5,40.18691588785047,19.12727272727273,15.563636363636364,7.373831775700935
95,Auqib Nabi,11,217,283,13,8,30,71,2.0,1.0,4,32.71889400921659,21.76923076923077,16.692307692307693,7.824884792626728
96,Avinov Choudhury,3,36,44,0,1,3,9,0.0,0.0,0,25.0,,,7.333333333333333
97,Avneesh Sudha,2,24,43,0,3,3,4,0.0,0.0,0,16.666666666666664,,,10.75
98,Ayan Bhattacharjee,7,119,117,4,2,11,42,0.0,0.0,2,35.294117647058826,29.25,29.75,5.899159663865547
99,Ayush Awasthi,6,90,99,3,2,6,25,0.0,0.0,2,27.77777777777778,33.0,30.0,6.6
100,Ayush Badoni,3,18,35,0,2,4,5,0.0,0.0,0,27.77777777777778,,,11.666666666666666
101,Azim Kazi,35,904,1076,42,40,78,303,5.0,6.0,4,33.517699115044245,25.61904761904762,21.523809523809526,7.1415929203539825
102,B Lalnunfela,1,6,6,0,0,1,3,0.0,0.0,0,50.0,,,6.0
103,B Punnaiah,1,18,22,1,0,3,6,0.0,0.0,1,33.33333333333333,22.0,18.0,7.333333333333333
104,BA Bhatt,19,397,374,13,7,33,158,0.0,6.0,2,39.79848866498741,28.76923076923077,30.53846153846154,5.652392947103275
105,BA Pathan,14,279,283,12,7,30,114,2.0,0.0,3,40.86021505376344,23.583333333333332,23.25,6.086021505376344
106,BB Samantray,12,183,197,10,5,25,81,0.0,0.0,2,44.26229508196721,19.7,18.3,6.459016393442623
107,BB Sran,9,204,227,9,6,26,84,3.0,0.0,3,41.17647058823529,25.22222222222222,22.666666666666668,6.676470588235294
108,Baba Aparajith,16,226,200,10,6,14,92,0.0,0.0,2,40.707964601769916,20.0,22.6,5.3097345132743365
109,Bal Krishna,4,91,115,6,6,10,39,1.0,0.0,4,42.857142857142854,19.166666666666668,15.166666666666666,7.582417582417582
110,Baltej Singh,30,647,792,37,34,80,268,7.0,6.0,3,41.42194744976816,21.405405405405407,17.486486486486488,7.344667697063369
111,Bandaru Ayyappa,23,528,642,29,20,68,203,2.0,6.0,3,38.446969696969695,22.137931034482758,18.20689655172414,7.295454545454546
112,Basant Mohanty,5,120,146,4,4,17,47,0.0,0.0,2,39.166666666666664,36.5,30.0,7.3
113,Basil Thampi,32,688,920,33,43,85,258,4.0,6.0,4,37.5,27.87878787878788,20.848484848484848,8.023255813953488
114,Benoy Upreti,1,5,6,0,0,1,2,0.0,0.0,0,40.0,,,7.2
115,Bhagmender Lather,5,89,121,4,9,6,29,0.0,0.0,2,32.58426966292135,30.25,22.25,8.157303370786517
116,Bharat Sharma,20,460,418,21,16,26,212,2.0,6.0,4,46.08695652173913,19.904761904761905,21.904761904761905,5.452173913043478
117,Bhavesh Seth,17,308,407,14,12,49,108,1.0,0.0,3,35.064935064935064,29.071428571428573,22.0,7.928571428571429
118,Bhupender Chauhan,7,119,126,8,4,12,47,1.0,0.0,3,39.49579831932773,15.75,14.875,6.352941176470588
119,Bhushan Subba,1,6,11,0,1,0,1,0.0,0.0,0,16.666666666666664,,,11.0
120,Bhuvneshwar Kumar,11,219,194,17,4,20,97,3.0,3.0,5,44.29223744292237,11.411764705882353,12.882352941176471,5.315068493150685
121,Bidash Chingakham,4,62,95,1,3,13,20,0.0,0.0,1,32.25806451612903,95.0,62.0,9.193548387096774
122,Bikramjit Debnath,1,12,18,0,1,1,2,0.0,0.0,0,16.666666666666664,,,9.0
123,Bikramkumar Das,42,817,1002,26,31,112,323,1.0,12.0,4,39.53488372093023,38.53846153846154,31.423076923076923,7.3586291309669525
124,Bishal Roy,4,68,65,2,1,4,20,0.0,0.0,2,29.411764705882355,32.5,34.0,5.735294117647059
125,Bishworjit Konthoujam,24,476,527,20,12,60,194,2.0,10.0,4,40.7563025210084,26.35,23.8,6.642857142857143
126,Bobby Zothansanga,13,231,271,10,12,14,80,0.0,0.0,2,34.63203463203463,27.1,23.1,7.038961038961039
127,Bodavarapu Sudhakar,5,97,105,7,6,7,46,1.0,0.0,3,47.42268041237113,15.0,13.857142857142858,6.494845360824742
128,C Sakariya,23,575,588,40,14,66,222,5.0,12.0,5,38.608695652173914,14.7,14.375,6.135652173913043
129,Chama Milind,31,685,852,40,35,77,251,4.0,15.0,5,36.64233576642336,21.3,17.125,7.4627737226277375
130,Cheepurapalli Stephen,22,505,484,42,14,52,244,8.0,15.0,5,48.31683168316832,11.523809523809524,12.023809523809524,5.75049504950495
131,Chengkam Sangma,9,157,145,5,3,15,75,0.0,0.0,2,47.77070063694268,29.0,31.4,5.54140127388535
132,Chintal Gandhi,8,149,159,4,6,12,55,0.0,0.0,1,36.91275167785235,39.75,37.25,6.402684563758389
133,Chintan Gaja,20,405,473,24,17,49,173,2.0,3.0,4,42.71604938271605,19.708333333333332,16.875,7.007407407407407
134,Chirag Jani,35,733,866,27,26,81,244,3.0,6.0,3,33.28785811732606,32.074074074074076,27.14814814814815,7.088676671214189
135,Chirag Khurana,6,99,92,5,1,10,39,0.0,0.0,2,39.39393939393939,18.4,19.8,5.575757575757576
136,Chirag Parmar,1,13,19,0,1,1,2,0.0,0.0,0,15.384615384615385,,,8.76923076923077
137,Chiranjit Paul,8,163,179,7,8,8,55,0.0,0.0,2,33.74233128834356,25.571428571428573,23.285714285714285,6.588957055214724
138,Chongtham Mehul,1,12,35,0,4,1,1,0.0,0.0,0,8.333333333333332,,,17.5
139,Chopise Hopongkyu,5,75,101,4,4,12,30,0.0,1.0,2,40.0,25.25,18.75,8.08
140,D Dhapola,2,32,40,0,2,5,13,0.0,0.0,0,40.625,,,7.5
141,D Rabha,2,24,41,0,1,6,6,0.0,0.0,0,25.0,,,10.25
142,DJ Muthuswami,11,244,300,22,8,33,98,3.0,0.0,4,40.16393442622951,13.636363636363637,11.090909090909092,7.377049180327869
143,DR Deshmukh,7,163,251,9,12,25,52,1.0,0.0,3,31.901840490797547,27.88888888888889,18.11111111111111,9.239263803680982
144,Damodaran Rohit,16,183,276,5,15,19,47,0.0,0.0,2,25.683060109289617,55.2,36.6,9.049180327868852
145,Darshan Misal,33,681,777,21,33,52,236,1.0,6.0,3,34.65491923641703,37.0,32.42857142857143,6.845814977973569
146,Darshan Nalkande,28,620,699,51,26,71,249,8.0,12.0,5,40.16129032258065,13.705882352941176,12.156862745098039,6.764516129032258
147,Debabrata Pradhan,22,652,735,29,20,85,278,4.0,12.0,5,42.63803680981595,25.344827586206897,22.482758620689655,6.763803680981595
148,Deendyal Upadhyay,2,38,57,0,1,9,13,0.0,0.0,0,34.21052631578947,,,9.0
149,Deepak Behera,5,106,124,8,3,17,50,0.0,6.0,2,47.16981132075472,15.5,13.25,7.018867924528302
150,Deepak Chahar,19,437,415,34,11,43,200,5.0,12.0,5,45.766590389016024,12.205882352941176,12.852941176470589,5.697940503432494
151,Deepak Gohain,1,24,9,1,0,0,15,0.0,0.0,1,62.5,9.0,24.0,2.25
152,Deepak Hooda,42,745,824,26,20,86,288,2.0,18.0,3,38.65771812080537,31.692307692307693,28.653846153846153,6.636241610738255
153,Deepak Punia,11,232,301,8,9,33,78,1.0,0.0,3,33.62068965517241,37.625,29.0,7.7844827586206895
154,Deepraj Gaonkar,14,243,325,9,13,22,57,1.0,6.0,3,23.456790123456788,36.111111111111114,27.0,8.024691358024691
155,Dhanraj Shinde,4,71,98,3,1,10,12,0.0,0.0,1,16.901408450704224,32.666666666666664,23.666666666666668,8.28169014084507
156,Dharmendrasinh Jadeja,37,710,794,26,32,54,246,1.0,7.0,3,34.647887323943664,30.53846153846154,27.307692307692307,6.709859154929577
157,Dhawal Kulkarni,39,905,1014,47,33,105,383,4.0,12.0,4,42.32044198895027,21.574468085106382,19.25531914893617,6.722651933701657
158,Dheeraj Kumar,7,134,155,7,6,11,45,1.0,0.0,3,33.582089552238806,22.142857142857142,19.142857142857142,6.940298507462686
159,Dhrumil Matkar,5,81,114,1,8,7,25,0.0,0.0,1,30.864197530864196,114.0,81.0,8.444444444444445
160,Dhrushant Soni,8,171,231,11,8,23,54,1.0,0.0,3,31.57894736842105,21.0,15.545454545454545,8.105263157894736
161,Dhruv Patel,4,52,86,1,5,8,12,0.0,0.0,1,23.076923076923077,86.0,52.0,9.923076923076923
162,Dhruv Shorey,1,6,9,0,0,1,0,0.0,0.0,0,0.0,,,9.0
163,Digvijay Rangi,1,18,14,0,0,1,7,0.0,0.0,0,38.88888888888889,,,4.666666666666667
164,Dikshanshu Negi,16,264,288,11,10,23,102,0.0,0.0,2,38.63636363636363,26.181818181818183,24.0,6.545454545454546
165,Divyang Hinganekar,19,315,356,19,7,29,104,2.0,1.0,4,33.01587301587301,18.736842105263158,16.57894736842105,6.780952380952381
166,Diwesh Pathania,25,594,693,31,25,69,237,3.0,6.0,3,39.8989898989899,22.35483870967742,19.161290322580644,7.0
167,Elligaram Sanketh,1,13,16,0,0,2,1,0.0,0.0,0,7.6923076923076925,,,7.384615384615385
168,FY Fazal,2,18,18,1,1,0,6,0.0,0.0,1,33.33333333333333,18.0,18.0,6.0
169,Fabid Ahmed,28,509,564,21,21,35,183,1.0,6.0,3,35.952848722986246,26.857142857142858,24.238095238095237,6.648330058939096
170,Felix Alemao,12,227,325,11,17,29,74,0.0,0.0,2,32.59911894273127,29.545454545454547,20.636363636363637,8.590308370044053
171,G Lalbiakvela,23,380,560,12,21,56,105,1.0,0.0,3,27.631578947368425,46.666666666666664,31.666666666666668,8.842105263157896
172,G Periyaswamy,8,138,151,9,6,10,41,1.0,0.0,3,29.71014492753623,16.77777777777778,15.333333333333334,6.565217391304348
173,Gaurav Chaudhary,2,48,60,2,3,5,21,0.0,0.0,2,43.75,30.0,24.0,7.5
174,Gaurav Gambhir,8,132,122,5,6,6,58,1.0,0.0,3,43.93939393939394,24.4,26.4,5.545454545454546
175,Gaurav Joshi,1,14,25,1,2,1,3,0.0,0.0,1,21.428571428571427,25.0,14.0,10.714285714285714
176,Gaurav Yadav,8,171,206,8,6,25,69,0.0,6.0,2,40.35087719298245,25.75,21.375,7.228070175438597
177,Girish Rauturi,7,104,150,5,7,14,29,1.0,0.0,3,27.884615384615387,30.0,20.8,8.653846153846153
178,Govinda Poddar,15,238,254,11,4,25,83,1.0,0.0,3,34.87394957983193,23.09090909090909,21.636363636363637,6.4033613445378155
179,Gurvinder Singh,36,725,809,31,36,53,264,2.0,12.0,3,36.41379310344828,26.096774193548388,23.387096774193548,6.695172413793103
180,Hanuma Vihari,17,213,268,9,11,16,54,0.0,0.0,2,25.352112676056336,29.77777777777778,23.666666666666668,7.549295774647887
181,Hari Nishaanth,2,12,13,0,0,2,4,0.0,0.0,0,33.33333333333333,,,6.5
182,Harishankar Reddy,20,442,596,24,21,68,140,4.0,0.0,4,31.674208144796378,24.833333333333332,18.416666666666668,8.09049773755656
183,Harpreet Brar,32,653,699,36,25,60,255,4.0,12.0,4,39.05053598774885,19.416666666666668,18.13888888888889,6.422664624808576
184,Harsh Dubey,3,49,34,1,0,1,17,0.0,0.0,1,34.69387755102041,34.0,49.0,4.163265306122449
185,Harsh Raj,2,50,60,4,3,6,16,1.0,0.0,3,32.0,15.0,12.5,7.2
186,Harshal Patel,57,1268,1442,72,48,126,467,7.0,12.0,6,36.829652996845425,20.02777777777778,17.61111111111111,6.823343848580442
187,Harshit Rathod,3,43,52,1,2,6,16,0.0,0.0,1,37.2093023255814,52.0,43.0,7.255813953488372
188,Harvik Desai,4,88,111,3,5,7,24,0.0,0.0,2,27.27272727272727,37.0,29.333333333333332,7.568181818181818
189,Hem Chetri,2,24,31,2,0,5,11,0.0,0.0,1,45.83333333333333,15.5,12.0,7.75
190,Henry Renthlei,2,26,39,1,3,1,5,0.0,0.0,1,19.230769230769234,39.0,26.0,9.0
191,Heramb Parab,7,111,143,8,6,11,35,2.0,0.0,5,31.53153153153153,17.875,13.875,7.72972972972973
192,Himan Phukan,2,43,36,1,1,1,17,0.0,0.0,1,39.53488372093023,36.0,43.0,5.023255813953488
193,Himanshu Bisht,16,264,314,11,12,21,90,1.0,0.0,4,34.090909090909086,28.545454545454547,24.0,7.136363636363637
194,Himanshu Rana,10,197,298,7,15,22,49,0.0,0.0,2,24.873096446700508,42.57142857142857,28.142857142857142,9.076142131979696
195,Himmat Singh,33,629,661,25,21,53,235,1.0,3.0,3,37.36089030206677,26.44,25.16,6.3052464228934815
196,Hiten Dalal,1,13,15,1,1,1,5,0.0,0.0,1,38.46153846153847,15.0,13.0,6.923076923076923
197,Hitesh Kadam,2,30,45,0,2,4,9,0.0,0.0,0,30.0,,,9.0
198,Hmar Zothanchhunga,1,18,17,1,0,2,7,0.0,0.0,1,38.88888888888889,17.0,18.0,5.666666666666667
199,Hokaito Zhimomi,8,59,102,4,6,8,16,0.0,0.0,2,27.11864406779661,25.5,14.75,10.372881355932204
200,Homendro Kabrambam,13,217,305,5,14,30,72,0.0,0.0,2,33.17972350230415,61.0,43.4,8.433179723502304
201,Hrithik Shokeen,2,19,21,3,0,3,7,0.0,0.0,2,36.84210526315789,7.0,6.333333333333333,6.631578947368421
202,IK Pathan,14,320,388,16,17,41,127,1.0,6.0,4,39.6875,24.25,20.0,7.275
203,Imliwati Lemtur,21,380,429,14,19,29,141,2.0,0.0,4,37.10526315789473,30.642857142857142,27.142857142857142,6.773684210526316
204,Iqbal Abdulla,14,285,293,6,10,21,122,0.0,0.0,2,42.80701754385965,48.833333333333336,47.5,6.168421052631579
205,Irfan-ul-Haq,1,6,18,0,1,2,0,0.0,0.0,0,0.0,,,18.0
206,Ishan Porel,21,471,480,26,2,66,205,6.0,6.0,4,43.524416135881104,18.46153846153846,18.115384615384617,6.114649681528663
207,Ishant Sharma,16,348,368,17,9,42,155,0.0,13.0,2,44.54022988505747,21.647058823529413,20.470588235294116,6.344827586206897
208,J Biakthanpuia,42,856,958,34,36,65,283,1.0,0.0,3,33.0607476635514,28.176470588235293,25.176470588235293,6.714953271028038
209,J Syed Mohammad,4,62,56,6,1,3,22,1.0,0.0,3,35.483870967741936,9.333333333333334,10.333333333333334,5.419354838709677
210,JJ Bumrah,9,210,214,14,4,23,91,3.0,12.0,3,43.333333333333336,15.285714285714286,15.0,6.114285714285714
211,JP Zope,3,56,70,3,3,2,11,0.0,0.0,2,19.642857142857142,23.333333333333332,18.666666666666668,7.5
212,Jaideep Bhambhu,2,24,29,0,1,1,4,0.0,0.0,0,16.666666666666664,,,7.25
213,Jalaj Saxena,20,412,415,23,15,28,169,2.0,6.0,4,41.019417475728154,18.043478260869566,17.91304347826087,6.043689320388349
214,Jasmer Dhankhar,4,74,76,4,2,6,26,0.0,0.0,1,35.13513513513514,19.0,18.5,6.162162162162162
215,Jassinder Singh,23,665,728,26,22,77,270,2.0,6.0,4,40.6015037593985,28.0,25.576923076923077,6.568421052631579
216,Jay Bista,5,56,61,2,1,5,16,0.0,0.0,1,28.57142857142857,30.5,28.0,6.535714285714286
217,Jayant Yadav,34,630,655,24,21,44,226,1.0,6.0,4,35.87301587301587,27.291666666666668,26.25,6.238095238095238
218,Jayanta Behera,6,120,126,7,5,5,42,1.0,0.0,3,35.0,18.0,17.142857142857142,6.3
219,Jaydev Unadkat,40,942,967,64,27,86,392,9.0,24.0,4,41.6135881104034,15.109375,14.71875,6.159235668789809
220,Jayveer Parmar,6,114,157,10,5,16,35,1.0,0.0,4,30.701754385964914,15.7,11.4,8.263157894736842
221,Jitesh Sharma,3,37,52,0,1,7,11,0.0,0.0,0,29.72972972972973,,,8.432432432432432
222,Jitumoni Kalita,5,72,66,4,2,4,32,0.0,0.0,2,44.44444444444444,16.5,18.0,5.5
223,Jogeswar Bhumij,1,25,38,0,1,4,8,0.0,0.0,0,32.0,,,9.12
224,Jonty Sidhu,1,13,6,2,0,1,9,0.0,0.0,2,69.23076923076923,3.0,6.5,2.769230769230769
225,Joseph Lalthankhuma,1,6,7,0,0,1,2,0.0,0.0,0,33.33333333333333,,,7.0
226,Joshua Ozukum,1,6,8,1,1,0,3,0.0,0.0,1,50.0,8.0,6.0,8.0
227,K Saiteja,4,63,81,2,2,7,15,0.0,0.0,2,23.809523809523807,40.5,31.5,7.714285714285714
228,K Srikar Bharat,19,420,509,18,20,45,163,1.0,6.0,3,38.80952380952381,28.27777777777778,23.333333333333332,7.271428571428571
229,KC Cariappa,26,614,541,31,13,39,252,3.0,6.0,4,41.042345276872965,17.451612903225808,19.806451612903224,5.286644951140065
230,KL Nagarkoti,6,121,144,8,4,18,46,1.0,1.0,3,38.01652892561984,18.0,15.125,7.140495867768595
231,KM Asif,18,356,451,18,18,51,135,2.0,0.0,3,37.92134831460674,25.055555555555557,19.77777777777778,7.601123595505618
232,KN Luitel,4,51,76,1,4,6,12,0.0,0.0,1,23.52941176470588,76.0,51.0,8.941176470588236
233,KP Kakad,3,18,35,0,3,1,2,0.0,0.0,0,11.11111111111111,,,11.666666666666666
234,KR Mahajan,2,19,19,1,1,1,7,0.0,0.0,1,36.84210526315789,19.0,19.0,6.0
235,KV Sasikanth,29,628,785,25,22,79,192,5.0,12.0,3,30.573248407643312,31.4,25.12,7.5
236,Kanwar Abhinay,5,110,129,5,2,14,38,1.0,6.0,3,34.54545454545455,25.8,22.0,7.036363636363636
237,Karan Kaila,8,151,161,5,6,10,56,1.0,0.0,3,37.086092715231786,32.2,30.2,6.397350993377484
238,Karan Lal,4,61,48,4,2,1,27,0.0,6.0,1,44.26229508196721,12.0,15.25,4.721311475409836
239,Karan Tewatiya,2,49,72,2,5,6,21,0.0,0.0,2,42.857142857142854,36.0,24.5,8.816326530612244
240,Karkir Taye,4,49,91,0,2,14,11,0.0,0.0,0,22.448979591836736,,,11.142857142857142
241,Karn Sharma,43,874,1010,37,45,57,299,3.0,1.0,5,34.21052631578947,27.2972972972973,23.62162162162162,6.933638443935926
242,Karthik Raman,6,104,179,9,10,17,27,3.0,0.0,3,25.961538461538463,19.88888888888889,11.555555555555555,10.326923076923077
243,Kartik Kakade,12,168,171,8,5,12,54,0.0,0.0,2,32.142857142857146,21.375,21.0,6.107142857142857
244,Kartik Tyagi,35,673,756,20,31,54,240,0.0,7.0,2,35.661218424962854,37.8,33.65,6.739970282317979
245,Karun Nair,6,49,42,2,0,3,17,0.0,0.0,1,34.69387755102041,21.0,24.5,5.142857142857143
246,Kaushik Maity,1,12,18,0,2,0,5,0.0,0.0,0,41.66666666666667,,,9.0
247,Kengo Bam,5,69,112,2,4,13,19,0.0,0.0,2,27.536231884057973,56.0,34.5,9.73913043478261
248,Khaleel Ahmed,66,1425,1722,77,57,164,501,11.0,7.0,5,35.1578947368421,22.363636363636363,18.506493506493506,7.2505263157894735
249,Khizer Dafedar,1,12,20,0,2,1,5,0.0,0.0,0,41.66666666666667,,,10.0
250,Khrievitso Kense,9,186,167,13,2,17,87,2.0,8.0,3,46.774193548387096,12.846153846153847,14.307692307692308,5.387096774193548
251,Kilco Marak,12,170,214,13,11,11,55,1.0,0.0,3,32.35294117647059,16.46153846153846,13.076923076923077,7.552941176470588
252,Kinara Rai,14,213,266,8,11,22,76,0.0,0.0,2,35.68075117370892,33.25,26.625,7.492957746478873
253,Kishan Lyngdoh,1,6,5,0,0,0,1,0.0,0.0,0,16.666666666666664,,,5.0
254,Kishan Thokchom,8,153,227,3,9,26,50,0.0,0.0,1,32.6797385620915,75.66666666666667,51.0,8.901960784313726
255,Krishan Alang,5,105,122,7,4,10,32,1.0,0.0,4,30.476190476190478,17.428571428571427,15.0,6.9714285714285715
256,Krishna Pandey,1,12,10,1,1,0,6,0.0,0.0,1,50.0,10.0,12.0,5.0
257,Krishna Yadav,19,406,467,20,10,31,120,1.0,0.0,4,29.55665024630542,23.35,20.3,6.901477832512315
258,Krishnamoorthy Vignesh,9,195,239,12,12,23,76,1.0,0.0,5,38.97435897435898,19.916666666666668,16.25,7.3538461538461535
259,Krishnamurthy Siddharth,5,110,85,15,1,12,67,4.0,6.0,4,60.909090909090914,5.666666666666667,7.333333333333333,4.636363636363637
260,Krishnappa Gowtham,26,583,664,26,26,50,203,1.0,0.0,3,34.81989708404803,25.53846153846154,22.423076923076923,6.833619210977702
261,Krunal Pandya,36,782,841,34,29,59,264,3.0,0.0,4,33.75959079283887,24.735294117647058,23.0,6.452685421994885
262,Kruthik Hanagavadi,2,36,55,1,2,6,11,0.0,0.0,1,30.555555555555557,55.0,36.0,9.166666666666666
263,Kuldeep Sen,21,445,570,15,18,66,157,1.0,6.0,3,35.28089887640449,38.0,29.666666666666668,7.685393258426966
264,Kulwant Khejroliya,9,218,231,12,7,21,93,2.0,0.0,4,42.6605504587156,19.25,18.166666666666668,6.3577981651376145
265,Kumar Kartikeya,15,318,338,20,16,24,138,3.0,6.0,3,43.39622641509434,16.9,15.9,6.377358490566038
266,Kunal Mahajan,1,6,12,0,1,1,2,0.0,0.0,0,33.33333333333333,,,12.0
267,Kushang Patel,62,1586,1805,54,46,184,577,3.0,18.0,4,36.38083228247162,33.425925925925924,29.37037037037037,6.828499369482976
268,L Kishan Singha,13,251,328,10,14,25,76,0.0,0.0,2,30.278884462151396,32.8,25.1,7.840637450199203
269,Lakhan Singh,24,378,527,16,24,43,111,0.0,0.0,2,29.365079365079367,32.9375,23.625,8.365079365079366
270,Lakshay Garg,33,701,885,27,27,98,238,1.0,6.0,3,33.951497860199716,32.77777777777778,25.962962962962962,7.574893009985734
271,Lalfakzuala Renthlei,3,17,22,0,0,2,2,0.0,0.0,0,11.76470588235294,,,7.764705882352941
272,Lalhmangaiha,7,87,131,3,3,13,20,0.0,0.0,2,22.988505747126435,43.666666666666664,29.0,9.03448275862069
273,Lalhruai Ralte,22,396,601,13,21,70,132,1.0,6.0,3,33.33333333333333,46.23076923076923,30.46153846153846,9.106060606060606
274,Lalhruaizela,6,93,136,6,6,11,24,1.0,0.0,3,25.806451612903224,22.666666666666668,15.5,8.774193548387096
275,Lalit Mohan,10,230,293,9,13,20,74,1.0,0.0,3,32.17391304347826,32.55555555555556,25.555555555555557,7.643478260869565
276,Lalit Yadav,39,762,848,29,25,66,269,2.0,6.0,3,35.30183727034121,29.24137931034483,26.275862068965516,6.677165354330708
277,Lalnunkima Varte,11,207,294,6,12,31,78,0.0,0.0,2,37.68115942028986,49.0,34.5,8.521739130434783
278,Lalrempuia,3,35,64,0,4,5,9,0.0,0.0,0,25.71428571428571,,,10.971428571428572
279,Langlonyamba Meitan Keishangbam,3,19,23,1,0,3,7,0.0,0.0,1,36.84210526315789,23.0,19.0,7.2631578947368425
280,Larry Sangma,7,138,114,6,3,11,61,0.0,6.0,1,44.20289855072464,19.0,23.0,4.956521739130435
281,Lee Yong Lepcha,9,94,160,1,7,15,20,0.0,0.0,1,21.27659574468085,160.0,94.0,10.212765957446809
282,Licha Tehi,10,192,249,2,4,32,67,0.0,0.0,1,34.89583333333333,124.5,96.0,7.78125
283,Logesh Prabagaran,1,6,12,0,1,1,2,0.0,0.0,0,33.33333333333333,,,12.0
284,Lone Nasir,2,31,33,2,0,4,11,0.0,0.0,1,35.483870967741936,16.5,15.5,6.387096774193548
285,Lukman Meriwala,38,803,934,59,26,95,300,11.0,21.0,5,37.359900373599004,15.830508474576272,13.610169491525424,6.978829389788294
286,M Ajinas,6,140,172,7,9,10,45,0.0,0.0,2,32.142857142857146,24.571428571428573,20.0,7.371428571428571
287,M Hemanth Reddy,30,513,638,19,20,56,148,1.0,0.0,3,28.84990253411306,33.578947368421055,27.0,7.461988304093567
288,MD Nidheesh,10,208,239,10,10,24,84,1.0,12.0,3,40.38461538461539,23.9,20.8,6.894230769230769
289,MD Sultan Karim,17,266,375,14,18,33,81,1.0,6.0,3,30.451127819548873,26.785714285714285,19.0,8.458646616541353
290,MG Sirur,9,191,240,13,13,14,64,1.0,0.0,5,33.50785340314136,18.46153846153846,14.692307692307692,7.539267015706806
291,MR Raut,5,55,92,3,4,9,12,0.0,0.0,2,21.818181818181817,30.666666666666668,18.333333333333332,10.036363636363637
292,MS Gony,12,248,284,14,10,34,118,2.0,18.0,4,47.58064516129033,20.285714285714285,17.714285714285715,6.870967741935484
293,Madhav Avsh,1,6,16,0,1,1,0,0.0,0.0,0,0.0,,,16.0
294,Mahesh Pithiya,2,12,15,0,1,0,3,0.0,0.0,0,25.0,,,7.5
295,Mahipal Lomror,16,176,191,3,8,10,54,0.0,0.0,1,30.681818181818183,63.666666666666664,58.666666666666664,6.511363636363637
296,Malay Raj,2,38,50,3,2,6,16,0.0,0.0,2,42.10526315789473,16.666666666666668,12.666666666666666,7.894736842105263
297,Manav Suthar,1,18,22,0,1,1,3,0.0,0.0,0,16.666666666666664,,,7.333333333333333
298,Mandar Bhandari,16,313,326,12,10,15,95,0.0,6.0,2,30.35143769968051,27.166666666666668,26.083333333333332,6.2492012779552715
299,Mandeep Singh,20,262,310,10,10,29,88,0.0,0.0,2,33.587786259541986,31.0,26.2,7.099236641221374
300,Mandup Bhutia,6,90,133,1,5,15,32,0.0,0.0,1,35.55555555555556,133.0,90.0,8.866666666666667
301,Mangal Mahrour,3,24,38,1,0,6,5,0.0,0.0,1,20.833333333333336,38.0,24.0,9.5
302,Manisankar Murasingh,37,774,831,27,21,98,323,0.0,18.0,2,41.7312661498708,30.77777777777778,28.666666666666668,6.441860465116279
303,Manish Golamaru,10,216,222,9,11,10,85,0.0,0.0,2,39.351851851851855,24.666666666666668,24.0,6.166666666666667
304,Manogaran Pooviarasan,1,22,33,0,1,4,4,0.0,0.0,0,18.181818181818183,,,9.0
305,Manoj Barik,3,48,65,1,3,4,12,0.0,0.0,1,25.0,65.0,48.0,8.125
306,Manoj Bhandage,9,109,167,7,3,23,32,0.0,0.0,2,29.357798165137616,23.857142857142858,15.571428571428571,9.192660550458715
307,Manzoor Dar,6,43,65,2,4,4,11,0.0,0.0,1,25.581395348837212,32.5,21.5,9.069767441860465
308,Marimuthu Vikneshwaran,4,26,36,2,0,5,6,0.0,0.0,2,23.076923076923077,18.0,13.0,8.307692307692308
309,Mark Ingty,2,18,27,0,0,4,7,0.0,0.0,0,38.88888888888889,,,9.0
310,Mayank Dagar,8,176,138,15,3,7,76,1.0,0.0,4,43.18181818181818,9.2,11.733333333333333,4.704545454545454
311,Mayank Markande,35,715,856,35,50,39,249,3.0,8.0,4,34.82517482517483,24.457142857142856,20.428571428571427,7.183216783216783
312,Mayank Mishra,17,347,386,18,20,26,144,2.0,0.0,4,41.4985590778098,21.444444444444443,19.27777777777778,6.674351585014409
313,Mayank Raghav,3,49,97,1,6,8,8,0.0,0.0,1,16.3265306122449,97.0,49.0,11.877551020408163
314,Mayank Yadav,3,57,65,3,0,9,17,0.0,0.0,2,29.82456140350877,21.666666666666668,19.0,6.842105263157895
315,Md Saptulla,5,90,96,1,2,7,31,0.0,0.0,1,34.44444444444444,96.0,90.0,6.4
316,Mehdi Hassan,19,427,508,19,21,41,156,3.0,0.0,3,36.53395784543326,26.736842105263158,22.473684210526315,7.138173302107728
317,Merenka Jamir,1,6,19,0,0,4,0,0.0,0.0,0,0.0,,,19.0
318,Mihir Hirwani,22,428,487,17,19,28,131,2.0,6.0,3,30.60747663551402,28.647058823529413,25.176470588235293,6.827102803738318
319,Moakumzuk Tzudir,1,6,12,0,1,1,2,0.0,0.0,0,33.33333333333333,,,12.0
320,Mohammad Ronak,1,6,21,0,3,0,0,0.0,0.0,0,0.0,,,21.0
321,Mohammad Saif,2,25,23,1,0,3,11,0.0,0.0,1,44.0,23.0,25.0,5.52
322,Mohammed Mohammed,65,1290,1529,80,49,154,481,8.0,18.0,4,37.286821705426355,19.1125,16.125,7.111627906976744
323,Mohd Israr,1,19,11,2,0,0,11,0.0,0.0,2,57.89473684210527,5.5,9.5,3.473684210526316
324,Mohit Avasthi,11,254,281,17,10,28,109,2.0,0.0,3,42.91338582677165,16.529411764705884,14.941176470588236,6.637795275590551
325,Mohit Jangra,6,128,159,4,3,18,50,0.0,0.0,1,39.0625,39.75,32.0,7.453125
326,Mohit Kumar,55,1203,1354,69,42,142,483,7.0,12.0,4,40.14962593516209,19.6231884057971,17.434782608695652,6.753117206982544
327,Mohit Mongia,1,12,13,1,0,1,4,0.0,0.0,1,33.33333333333333,13.0,12.0,6.5
328,Mohit Redkar,2,49,58,4,4,3,18,0.0,0.0,2,36.734693877551024,14.5,12.25,7.1020408163265305
329,Mohit Sharma,22,475,598,19,24,62,195,2.0,18.0,4,41.05263157894737,31.473684210526315,25.0,7.553684210526316
330,Mohsin Khan,27,572,626,37,17,64,234,3.0,0.0,3,40.909090909090914,16.91891891891892,15.45945945945946,6.566433566433567
331,Mrinmoy Dutta,14,280,330,14,9,39,105,1.0,0.0,3,37.5,23.571428571428573,20.0,7.071428571428571
332,Mughavi Wotsa,3,30,46,0,1,6,9,0.0,0.0,0,30.0,,,9.2
333,Mujtaba Yousuf,11,237,272,9,12,26,99,0.0,6.0,2,41.77215189873418,30.22222222222222,26.333333333333332,6.886075949367089
334,Mukhtar Hussain,21,430,536,26,15,69,170,4.0,6.0,4,39.53488372093023,20.615384615384617,16.53846153846154,7.47906976744186
335,Mukul Choudhary,11,262,318,16,11,39,104,2.0,6.0,3,39.69465648854962,19.875,16.375,7.282442748091603
336,Murugan Ashwin,41,988,1040,53,43,60,349,7.0,7.0,4,35.32388663967611,19.62264150943396,18.641509433962263,6.315789473684211
337,Myendung Singpho,7,87,134,5,7,9,21,1.0,0.0,3,24.137931034482758,26.8,17.4,9.241379310344827
338,N Johnson Singh,7,164,116,17,2,10,81,4.0,0.0,4,49.390243902439025,6.823529411764706,9.647058823529411,4.2439024390243905
339,NN Bhute,2,32,53,0,3,6,9,0.0,0.0,0,28.125,,,9.9375
340,NR Dhumal,1,19,27,0,1,4,9,0.0,0.0,0,47.368421052631575,,,8.526315789473685
341,Nabam Tempol,4,56,80,1,3,8,17,0.0,0.0,1,30.357142857142854,80.0,56.0,8.571428571428571
342,Nagaho Chishi,17,263,313,9,8,34,94,1.0,0.0,3,35.741444866920155,34.77777777777778,29.22222222222222,7.140684410646388
343,Nakul Sharma,2,12,27,1,2,3,4,0.0,0.0,1,33.33333333333333,27.0,12.0,13.5
344,Nakul Verma,16,199,305,6,16,24,56,1.0,0.0,3,28.14070351758794,50.833333333333336,33.166666666666664,9.195979899497488
345,Naushad Shaikh,14,192,186,9,6,5,68,1.0,0.0,3,35.41666666666667,20.666666666666668,21.333333333333332,5.8125
346,Navdeep Saini,36,804,827,26,17,86,322,0.0,12.0,2,40.049751243781095,31.807692307692307,30.923076923076923,6.1716417910447765
347,Nazeeb Saiyed,4,75,78,2,2,7,30,0.0,0.0,1,40.0,39.0,37.5,6.24
348,Neelambuj Vats,3,32,49,0,3,3,8,0.0,0.0,0,25.0,,,9.1875
349,Nihal Surlaker,1,12,24,0,1,3,2,0.0,0.0,0,16.666666666666664,,,12.0
350,Nikhil Kohli,6,119,163,4,6,20,44,1.0,0.0,3,36.97478991596639,40.75,29.75,8.218487394957982
351,Nikhil Naik,2,19,15,0,0,1,6,0.0,0.0,0,31.57894736842105,,,4.7368421052631575
352,Ninad Rathva,27,424,468,27,19,30,157,5.0,6.0,3,37.028301886792455,17.333333333333332,15.703703703703704,6.622641509433962
353,Nipan Deka,1,18,27,0,0,4,3,0.0,0.0,0,16.666666666666664,,,9.0
354,Nirupam Sen Chowdhary,4,35,48,1,0,5,5,0.0,0.0,1,14.285714285714285,48.0,35.0,8.228571428571428
355,Nishant Kushwah,6,133,154,4,7,13,49,0.0,0.0,1,36.84210526315789,38.5,33.25,6.947368421052632
356,Nishant Sindhu,3,24,20,2,1,1,12,0.0,0.0,2,50.0,10.0,12.0,5.0
357,Nitesh Lohchab,2,25,35,0,1,5,9,0.0,0.0,0,36.0,,,8.4
358,Nitesh Sedai,9,133,189,2,6,20,36,0.0,0.0,1,27.06766917293233,94.5,66.5,8.526315789473685
359,Nitin Tanwar,15,305,317,15,14,23,126,1.0,12.0,3,41.31147540983607,21.133333333333333,20.333333333333332,6.2360655737704915
360,Nitin Yadav,10,240,312,15,9,37,87,3.0,6.0,3,36.25,20.8,16.0,7.8
361,Nitish Rana,27,396,407,22,13,26,141,1.0,2.0,4,35.60606060606061,18.5,18.0,6.166666666666667
362,Nongthombam Denin,2,42,46,2,1,5,18,0.0,0.0,1,42.857142857142854,23.0,21.0,6.571428571428571
363,Nongthombam Sarojkumar,1,24,21,0,0,1,9,0.0,0.0,0,37.5,,,5.25
364,P Awana,6,132,135,9,5,15,68,2.0,6.0,3,51.515151515151516,15.0,14.666666666666666,6.136363636363637
365,P Mardi,1,13,21,0,2,0,2,0.0,0.0,0,15.384615384615385,,,9.692307692307692
366,P Prasanth,12,273,281,15,9,19,98,3.0,0.0,3,35.8974358974359,18.733333333333334,18.2,6.175824175824176
367,P Suyal,7,156,176,5,5,24,74,0.0,6.0,2,47.43589743589743,35.2,31.2,6.769230769230769
368,P Thamaraikannan,8,117,154,7,6,10,31,1.0,0.0,4,26.495726495726498,22.0,16.714285714285715,7.897435897435898
369,PB Mehta,1,6,8,0,0,1,1,0.0,0.0,0,16.666666666666664,,,8.0
370,PJ Sangwan,18,408,493,26,19,56,184,3.0,12.0,3,45.09803921568628,18.96153846153846,15.692307692307692,7.25
371,PP Ojha,6,90,123,5,6,7,24,1.0,0.0,3,26.666666666666668,24.6,18.0,8.2
372,PS Kataria,3,62,68,1,3,2,21,0.0,0.0,1,33.87096774193548,68.0,62.0,6.580645161290323
373,PS Sairam,4,88,94,3,3,4,23,0.0,0.0,2,26.136363636363637,31.333333333333332,29.333333333333332,6.409090909090909
374,PV Tambe,8,195,201,10,7,10,56,1.0,0.0,3,28.717948717948715,20.1,19.5,6.184615384615385
375,Padam Limboo,2,19,29,0,0,5,6,0.0,0.0,0,31.57894736842105,,,9.157894736842104
376,Pallavkumar Das,28,597,698,26,18,67,200,2.0,2.0,3,33.50083752093803,26.846153846153847,22.96153846153846,7.015075376884422
377,Palzor Tamang,17,243,309,9,7,39,88,0.0,0.0,2,36.21399176954733,34.333333333333336,27.0,7.62962962962963
378,Pankaj Jaswal,4,57,92,1,3,12,13,0.0,0.0,1,22.807017543859647,92.0,57.0,9.68421052631579
379,Pankaj Kumar,19,340,432,15,13,55,132,1.0,12.0,5,38.82352941176471,28.8,22.666666666666668,7.623529411764705
380,Pankaj Shaw,2,19,41,0,4,2,4,0.0,0.0,0,21.052631578947366,,,12.947368421052632
381,Paras Dogra,1,1,1,0,0,0,0,0.0,0.0,0,0.0,,,6.0
382,Parikshit Valsangkar,8,164,214,3,8,15,48,0.0,0.0,2,29.268292682926827,71.33333333333333,54.666666666666664,7.829268292682927
383,Parmesh Vaidik,2,42,69,2,2,10,14,0.0,0.0,1,33.33333333333333,34.5,21.0,9.857142857142858
384,Parth Bhut,5,84,106,3,5,7,31,0.0,0.0,1,36.904761904761905,35.333333333333336,28.0,7.571428571428571
385,Parth Sahani,13,134,193,6,9,16,41,0.0,0.0,2,30.597014925373134,32.166666666666664,22.333333333333332,8.64179104477612
386,Parvez Rasool,26,619,669,29,29,30,203,2.0,6.0,3,32.794830371567045,23.06896551724138,21.344827586206897,6.48465266558966
387,Parvez Sultan,5,85,102,4,5,9,37,1.0,0.0,3,43.529411764705884,25.5,21.25,7.2
388,Pathirikattu Midhun,24,538,562,25,17,39,188,3.0,8.0,4,34.94423791821561,22.48,21.52,6.267657992565056
389,Pinninti Tapaswi,3,64,79,3,2,6,15,1.0,0.0,3,23.4375,26.333333333333332,21.333333333333332,7.40625
390,Piyush Chawla,43,999,1010,67,46,60,427,8.0,37.0,4,42.74274274274275,15.074626865671641,14.91044776119403,6.066066066066066
391,Piyush Joshi,2,7,15,0,1,1,1,0.0,0.0,0,14.285714285714285,,,12.857142857142858
392,Piyush Singh,93,1928,2182,98,75,176,689,12.0,30.0,4,35.73651452282158,22.26530612244898,19.6734693877551,6.79045643153527
393,Pradeep Chamoli,3,58,103,2,7,8,15,0.0,0.0,1,25.862068965517242,51.5,29.0,10.655172413793103
394,Pradeep Dadhe,22,461,642,19,30,64,165,1.0,6.0,3,35.791757049891544,33.78947368421053,24.263157894736842,8.355748373101953
395,Pradipta Pramanik,8,149,160,10,9,9,66,1.0,6.0,3,44.29530201342282,16.0,14.9,6.442953020134228
396,Prakash Seet,5,117,137,7,4,15,46,0.0,0.0,2,39.31623931623932,19.571428571428573,16.714285714285715,7.0256410256410255
397,Pramod Chandila,2,30,43,1,1,3,4,0.0,0.0,1,13.333333333333334,43.0,30.0,8.6
398,Pranav Karia,1,24,14,0,0,1,16,0.0,6.0,0,66.66666666666666,,,3.5
399,Pranshu Vijayran,12,188,249,6,9,25,69,0.0,6.0,2,36.702127659574465,41.5,31.333333333333332,7.946808510638298
400,Prashant Bhati,33,724,884,43,35,84,274,6.0,20.0,4,37.84530386740331,20.558139534883722,16.837209302325583,7.3259668508287294
401,Prashant Solanki,2,42,69,2,4,7,14,0.0,0.0,1,33.33333333333333,34.5,21.0,9.857142857142858
402,Prashant Veer,1,18,7,3,0,1,14,1.0,0.0,3,77.77777777777779,2.3333333333333335,6.0,2.3333333333333335
403,Prasidh Krishna,23,479,596,21,21,69,210,2.0,1.0,3,43.84133611691023,28.38095238095238,22.80952380952381,7.465553235908142
404,Prateek Pandey,37,815,951,39,26,103,306,2.0,12.0,4,37.54601226993865,24.384615384615383,20.897435897435898,7.001226993865031
405,Prathamesh Dake,1,20,21,3,0,3,6,1.0,0.0,3,30.0,7.0,6.666666666666667,6.3
406,Pratik Sargade,6,132,130,4,1,14,53,0.0,0.0,2,40.15151515151515,32.5,33.0,5.909090909090909
407,Praveen Dubey,17,293,337,17,16,18,96,2.0,0.0,4,32.76450511945392,19.823529411764707,17.235294117647058,6.901023890784983
408,Prayas Ray Barman,12,204,259,6,9,21,65,1.0,0.0,4,31.862745098039213,43.166666666666664,34.0,7.617647058823529
409,Prerak Mankad,24,375,507,18,18,44,91,1.0,0.0,4,24.266666666666666,28.166666666666668,20.833333333333332,8.112
410,Prerit Dutta,17,328,379,13,13,35,128,1.0,0.0,4,39.02439024390244,29.153846153846153,25.23076923076923,6.932926829268292
411,Prince Yadav,1,7,17,1,2,1,2,0.0,0.0,1,28.57142857142857,17.0,7.0,14.571428571428571
412,Pritam Nirala,4,74,92,3,1,14,34,0.0,0.0,2,45.94594594594595,30.666666666666668,24.666666666666668,7.45945945945946
413,Priyank Panchal,3,24,23,0,0,2,7,0.0,0.0,0,29.166666666666668,,,5.75
414,Pulkit Narang,6,128,174,6,9,13,39,0.0,0.0,2,30.46875,29.0,21.333333333333332,8.15625
415,Puneet Datey,10,214,257,4,8,27,85,0.0,0.0,1,39.719626168224295,64.25,53.5,7.205607476635514
416,R Bhatia,9,208,215,9,3,14,61,1.0,0.0,3,29.326923076923077,23.88888888888889,23.11111111111111,6.201923076923077
417,R Sathish,4,89,71,5,2,4,43,1.0,0.0,3,48.31460674157304,14.2,17.8,4.786516853932584
418,RB Bishnoi Jr,5,122,119,6,3,5,36,1.0,0.0,3,29.508196721311474,19.833333333333332,20.333333333333332,5.852459016393443
419,RD Banik,2,18,37,1,4,1,4,0.0,0.0,1,22.22222222222222,37.0,18.0,12.333333333333334
420,RG More,10,222,295,14,12,37,88,1.0,3.0,4,39.63963963963964,21.071428571428573,15.857142857142858,7.972972972972973
421,RH Bhatt,7,103,122,3,4,6,22,0.0,0.0,1,21.35922330097087,40.666666666666664,34.333333333333336,7.106796116504855
422,RJ Balhara,1,12,17,0,0,4,7,0.0,0.0,0,58.333333333333336,,,8.5
423,RL Jangid,20,389,407,15,13,20,115,1.0,6.0,3,29.562982005141386,27.133333333333333,25.933333333333334,6.277634961439588
424,RN Gurbani,15,300,366,12,11,46,124,1.0,6.0,3,41.333333333333336,30.5,25.0,7.32
425,RR Biswa,10,214,263,7,7,19,48,0.0,0.0,2,22.429906542056074,37.57142857142857,30.571428571428573,7.373831775700935
426,RR Raje,4,84,112,7,5,12,36,1.0,0.0,3,42.857142857142854,16.0,12.0,8.0
427,RS Jaganath Sinivas,2,48,63,4,3,5,19,1.0,0.0,3,39.58333333333333,15.75,12.0,7.875
428,RT Arothe,29,540,695,28,18,73,165,3.0,2.0,4,30.555555555555557,24.821428571428573,19.285714285714285,7.722222222222222
429,RV Gomez,7,98,101,5,2,10,35,0.0,0.0,2,35.714285714285715,20.2,19.6,6.183673469387755
430,Rachit Bhatia,2,38,50,2,2,5,14,0.0,0.0,2,36.84210526315789,25.0,19.0,7.894736842105263
431,Ragupathy Silambarasan,1,22,31,0,2,1,5,0.0,0.0,0,22.727272727272727,,,8.454545454545455
432,Rahil Sambyal,1,25,42,2,2,5,10,0.0,0.0,2,40.0,21.0,12.5,10.08
433,Rahil Shah,18,367,353,18,11,27,153,1.0,0.0,5,41.689373297002724,19.61111111111111,20.38888888888889,5.771117166212534
434,Rahul Batham,3,59,60,3,2,2,12,0.0,0.0,2,20.33898305084746,20.0,19.666666666666668,6.101694915254237
435,Rahul Buddhi,1,2,4,0,0,1,1,0.0,0.0,0,50.0,,,12.0
436,Rahul Chahar,19,417,448,26,19,28,163,4.0,7.0,5,39.08872901678657,17.23076923076923,16.03846153846154,6.446043165467626
437,Rahul Sharma,10,189,205,4,3,25,75,0.0,6.0,2,39.682539682539684,51.25,47.25,6.507936507936508
438,Rahul Shukla,20,400,551,22,23,56,135,2.0,0.0,5,33.75,25.045454545454547,18.181818181818183,8.265
439,Rahul Singh,2,20,24,0,0,3,7,0.0,0.0,0,35.0,,,7.2
440,Rahul Tewatia,26,385,456,17,18,32,130,1.0,0.0,3,33.76623376623377,26.823529411764707,22.647058823529413,7.106493506493506
441,Rahul Tripathi,11,161,178,8,5,13,51,1.0,0.0,4,31.67701863354037,22.25,20.125,6.633540372670807
442,Rajan Kumar,44,963,1061,46,26,112,393,3.0,10.0,4,40.809968847352025,23.065217391304348,20.934782608695652,6.610591900311526
443,Rajat Dey,5,62,92,2,4,6,12,0.0,0.0,1,19.35483870967742,46.0,31.0,8.903225806451612
444,Rajat Paliwal,10,136,153,5,5,7,37,0.0,0.0,2,27.205882352941174,30.6,27.2,6.75
445,Rajesh Bishnoi,22,478,429,29,8,32,191,3.0,0.0,3,39.9581589958159,14.793103448275861,16.482758620689655,5.384937238493724
446,Rajesh Mohanty,12,201,234,8,5,28,86,0.0,1.0,2,42.78606965174129,29.25,25.125,6.985074626865671
447,Rajiv Darjee,4,55,79,1,4,5,11,0.0,0.0,1,20.0,79.0,55.0,8.618181818181819
448,Rajvardhan Hangargekar,2,45,59,0,1,8,14,0.0,0.0,0,31.11111111111111,,,7.866666666666666
449,Rakesh Thakur,71,1562,1733,101,52,166,593,12.0,25.0,4,37.964148527528806,17.15841584158416,15.465346534653465,6.65685019206146
450,Rakshan Readdi,9,189,257,9,12,24,70,0.0,12.0,2,37.03703703703704,28.555555555555557,21.0,8.158730158730158
451,Ram Gurung,5,67,66,2,1,4,21,0.0,0.0,1,31.343283582089555,33.0,33.5,5.91044776119403
452,Ranjeet Mali,5,103,112,10,2,15,48,2.0,6.0,4,46.601941747572816,11.2,10.3,6.524271844660194
453,Rasikh Salam,13,254,340,9,16,35,96,2.0,0.0,3,37.79527559055118,37.77777777777778,28.22222222222222,8.031496062992126
454,Ravi Kiran,11,247,286,11,10,22,80,2.0,0.0,4,32.388663967611336,26.0,22.454545454545453,6.947368421052632
455,Ravi Teja,22,438,514,30,15,48,149,4.0,0.0,6,34.01826484018265,17.133333333333333,14.6,7.041095890410959
456,Ravi Yadav,20,427,451,17,13,37,157,0.0,18.0,2,36.768149882903984,26.529411764705884,25.11764705882353,6.337236533957846
457,Ravinder Negi,32,626,778,28,40,55,224,3.0,0.0,3,35.78274760383386,27.785714285714285,22.357142857142858,7.456869009584665
458,Rex Rajkumar,16,275,345,8,12,39,111,1.0,0.0,3,40.36363636363636,43.125,34.375,7.527272727272727
459,Riboklang Hynniewta,1,12,13,0,0,1,4,0.0,0.0,0,33.33333333333333,,,6.5
460,Ricky Bhui,1,18,18,0,1,0,4,0.0,0.0,0,22.22222222222222,,,6.0
461,Rinku Singh,43,812,955,34,26,91,275,3.0,0.0,3,33.86699507389162,28.08823529411765,23.88235294117647,7.056650246305419
462,Rinsangzela Hmamte,5,86,99,3,0,9,19,0.0,0.0,1,22.093023255813954,33.0,28.666666666666668,6.906976744186046
463,Rinzing Bhutia,2,31,39,1,0,4,5,0.0,0.0,1,16.129032258064516,39.0,31.0,7.548387096774194
464,Ripal Patel,3,18,33,0,0,6,3,0.0,0.0,0,16.666666666666664,,,11.0
465,Rishabh Chouhan,1,6,4,1,0,1,5,0.0,0.0,1,83.33333333333334,4.0,6.0,4.0
466,Rishi Dhawan,5,101,107,10,4,12,51,2.0,0.0,3,50.495049504950494,10.7,10.1,6.356435643564357
467,Ritwik Roy Chowdhury,1,6,7,0,0,1,2,0.0,0.0,0,33.33333333333333,,,7.0
468,Riyan Parag,28,550,589,23,20,39,204,1.0,12.0,3,37.09090909090909,25.608695652173914,23.91304347826087,6.425454545454546
469,Rohan Kunnummal,6,78,61,3,2,3,37,0.0,0.0,2,47.43589743589743,20.333333333333332,26.0,4.6923076923076925
470,Rohit Dahiya,8,130,199,5,10,15,35,1.0,0.0,3,26.923076923076923,39.8,26.0,9.184615384615384
471,Rohit Dangwal,5,104,122,4,1,12,30,1.0,0.0,3,28.846153846153843,30.5,26.0,7.038461538461538
472,Rohit Rayudu,2,12,17,1,0,3,4,0.0,0.0,1,33.33333333333333,17.0,12.0,8.5
473,Rojith Ganesh,1,6,16,0,1,2,1,0.0,0.0,0,16.666666666666664,,,16.0
474,Rongsen Jonathan,6,87,91,2,4,3,26,0.0,0.0,1,29.88505747126437,45.5,43.5,6.275862068965517
475,Roosh Kalaria,24,508,593,28,16,61,198,1.0,8.0,3,38.976377952755904,21.178571428571427,18.142857142857142,7.003937007874016
476,Roshan Alam,12,252,257,10,10,11,90,1.0,0.0,3,35.714285714285715,25.7,25.2,6.119047619047619
477,Rosiamliana Ralte,8,140,191,4,8,19,47,0.0,0.0,2,33.57142857142857,47.75,35.0,8.185714285714285
478,Royston Dias,3,65,103,1,3,15,23,0.0,0.0,1,35.38461538461539,103.0,65.0,9.507692307692308
479,S Akhil,9,156,215,7,10,18,43,0.0,0.0,2,27.564102564102566,30.714285714285715,22.285714285714285,8.26923076923077
480,S Aravind,12,261,291,20,11,24,100,2.0,0.0,4,38.31417624521073,14.55,13.05,6.689655172413793
481,S Baliyan,2,36,42,1,1,2,8,0.0,0.0,1,22.22222222222222,42.0,36.0,7.0
482,S Ladda,1,25,29,3,2,3,14,1.0,0.0,3,56.00000000000001,9.666666666666666,8.333333333333334,6.96
483,S Sanandia,10,215,216,21,6,20,99,2.0,2.0,4,46.04651162790698,10.285714285714286,10.238095238095237,6.027906976744186
484,SB Jakati,11,252,298,13,13,20,88,1.0,0.0,5,34.92063492063492,22.923076923076923,19.384615384615383,7.095238095238095
485,SB Wagh,23,471,497,32,14,50,191,4.0,0.0,4,40.552016985138,15.53125,14.71875,6.3312101910828025
486,SD Lad,26,341,359,17,9,30,116,2.0,6.0,5,34.01759530791789,21.11764705882353,20.058823529411764,6.316715542521994
487,SK Ismail,5,114,162,4,6,14,28,1.0,0.0,3,24.561403508771928,40.5,28.5,8.526315789473685
488,SK Raina,10,110,103,2,1,5,28,0.0,0.0,1,25.454545454545453,51.5,55.0,5.618181818181818
489,SM Fallah,28,627,713,26,23,68,235,0.0,9.0,2,37.48006379585327,27.423076923076923,24.115384615384617,6.822966507177034
490,SM Gugale,4,54,92,4,4,9,10,1.0,0.0,3,18.51851851851852,23.0,13.5,10.222222222222221
491,SS Bandekar,6,137,137,10,6,10,62,1.0,6.0,4,45.25547445255474,13.7,13.7,6.0
492,SS Bandiwar,3,64,72,3,2,8,26,0.0,0.0,1,40.625,24.0,21.333333333333332,6.75
493,SS Dobal,1,6,4,1,0,0,2,0.0,0.0,1,33.33333333333333,4.0,6.0,4.0
494,SS Mundhe,23,387,482,12,18,45,131,0.0,0.0,2,33.850129198966414,40.166666666666664,32.25,7.4728682170542635
495,STR Binny,24,421,500,23,20,42,161,3.0,6.0,3,38.242280285035626,21.73913043478261,18.304347826086957,7.1258907363420425
496,Sachin Baby,9,106,128,5,4,11,35,0.0,0.0,2,33.0188679245283,25.6,21.2,7.245283018867925
497,Sagar Rana,10,206,261,13,6,32,75,0.0,6.0,2,36.407766990291265,20.076923076923077,15.846153846153847,7.601941747572815
498,Sagar Solanki,2,24,36,0,3,2,9,0.0,0.0,0,37.5,,,9.0
499,Sagar Trivedi,17,373,513,17,17,50,108,2.0,0.0,4,28.9544235924933,30.176470588235293,21.941176470588236,8.25201072386059
500,Sagar Udeshi,19,440,428,15,6,41,183,0.0,6.0,2,41.590909090909086,28.533333333333335,29.333333333333332,5.836363636363636
501,Sahil Lotra,3,67,70,1,1,5,20,0.0,0.0,1,29.850746268656714,70.0,67.0,6.268656716417911
502,Sai Kishore,39,866,728,44,20,51,392,7.0,41.0,4,45.26558891454965,16.545454545454547,19.681818181818183,5.043879907621247
503,Sairaj Patil,8,155,205,5,4,21,36,0.0,0.0,1,23.225806451612904,41.0,31.0,7.935483870967742
504,Sakibul Gani,7,140,152,7,5,10,44,0.0,0.0,2,31.428571428571427,21.714285714285715,20.0,6.514285714285714
505,Salman Baig,2,12,21,0,1,2,2,0.0,0.0,0,16.666666666666664,,,10.5
506,Salman Khan,12,219,236,5,5,21,73,0.0,0.0,1,33.33333333333333,47.2,43.8,6.465753424657534
507,Salman Nizar,1,24,14,3,0,2,16,1.0,0.0,3,66.66666666666666,4.666666666666667,8.0,3.5
508,Samar Quadri,11,231,232,9,8,13,94,0.0,0.0,2,40.692640692640694,25.77777777777778,25.666666666666668,6.025974025974026
509,Sams Alam,3,53,110,1,7,10,13,0.0,0.0,1,24.528301886792452,110.0,53.0,12.452830188679245
510,Sandeep Warrier,37,824,889,35,31,102,363,2.0,12.0,3,44.05339805825243,25.4,23.542857142857144,6.473300970873787
511,Sanjay Budhwar,2,41,44,0,0,5,10,0.0,0.0,0,24.390243902439025,,,6.439024390243903
512,Sanjay Majumder,16,280,305,14,2,28,77,1.0,0.0,3,27.500000000000004,21.785714285714285,20.0,6.535714285714286
513,Sanjay Raghunath,1,12,9,0,1,0,7,0.0,0.0,0,58.333333333333336,,,4.5
514,Sanjay Yadav,11,225,276,9,7,32,79,2.0,6.0,3,35.11111111111111,30.666666666666668,25.0,7.36
515,Sankar Paul,12,201,204,9,8,13,79,1.0,0.0,3,39.30348258706468,22.666666666666668,22.333333333333332,6.08955223880597
516,Santha Moorthy,3,62,83,6,2,12,24,1.0,0.0,5,38.70967741935484,13.833333333333334,10.333333333333334,8.03225806451613
517,Sanvert Kurkalang,1,7,12,0,0,2,0,0.0,0.0,0,0.0,,,10.285714285714286
518,Saransh Jain,19,386,466,15,13,38,122,2.0,0.0,4,31.606217616580313,31.066666666666666,25.733333333333334,7.243523316062176
519,Sarbeswar Mohanty,4,60,62,1,2,5,21,0.0,0.0,1,35.0,62.0,60.0,6.2
520,Sarfaraz Ashraf,6,101,132,5,6,9,27,1.0,0.0,3,26.732673267326735,26.4,20.2,7.841584158415841
521,Saruk Hossain,3,45,37,1,0,4,16,0.0,0.0,1,35.55555555555556,37.0,45.0,4.933333333333334
522,Sarul Kanwar,1,6,13,0,0,2,0,0.0,0.0,0,0.0,,,13.0
523,Satender Thakran,2,30,41,0,0,3,4,0.0,0.0,0,13.333333333333334,,,8.2
524,Satish Jangir,4,60,69,3,3,3,21,0.0,0.0,2,35.0,23.0,20.0,6.9
525,Satyajeet Bachhav,34,799,845,42,28,54,284,3.0,0.0,4,35.54443053817272,20.11904761904762,19.023809523809526,6.345431789737171
526,Saurabh Dubey,2,12,16,0,1,1,4,0.0,0.0,0,33.33333333333333,,,8.0
527,Saurabh Tiwary,18,283,347,13,14,21,72,1.0,0.0,4,25.4416961130742,26.692307692307693,21.76923076923077,7.3568904593639575
528,Saurabh Wakaskar,1,6,6,0,0,0,1,0.0,0.0,0,16.666666666666664,,,6.0
529,Saurav Chauhan,2,18,28,0,0,4,4,0.0,0.0,0,22.22222222222222,,,9.333333333333334
530,Sayan Mondal,6,110,150,3,3,16,27,0.0,0.0,2,24.545454545454547,50.0,36.666666666666664,8.181818181818182
531,Shahbaz Ahmed,27,566,589,26,21,40,210,1.0,0.0,3,37.102473498233216,22.653846153846153,21.76923076923077,6.243816254416961
532,Shahbaz Nadeem,28,660,666,29,18,46,238,3.0,12.0,3,36.06060606060606,22.96551724137931,22.75862068965517,6.054545454545455
533,Shaik Rasheed,2,24,32,0,0,4,6,0.0,0.0,0,25.0,,,8.0
534,Shams Mulani,31,696,714,35,28,53,290,3.0,12.0,3,41.66666666666667,20.4,19.885714285714286,6.155172413793103
535,Sharafuddeen,3,48,79,1,3,11,17,0.0,0.0,1,35.41666666666667,79.0,48.0,9.875
536,Sharukh Dar,1,25,29,1,0,4,9,0.0,0.0,1,36.0,29.0,25.0,6.96
537,Shasheem Rathour,10,166,144,7,2,11,73,0.0,0.0,2,43.97590361445783,20.571428571428573,23.714285714285715,5.204819277108434
538,Shashi Anand,1,4,12,0,0,3,1,0.0,0.0,0,25.0,,,18.0
539,Shashi Shekhar,4,83,87,3,0,14,39,0.0,0.0,2,46.98795180722892,29.0,27.666666666666668,6.289156626506024
540,Shen Patel,4,68,113,4,5,15,27,1.0,0.0,4,39.705882352941174,28.25,17.0,9.970588235294118
541,Shiva Singh,1,12,18,0,0,3,3,0.0,0.0,0,25.0,,,9.0
542,Shivam Chaudhary,14,188,215,3,11,11,62,0.0,0.0,1,32.97872340425532,71.66666666666667,62.666666666666664,6.861702127659575
543,Shivam Dube,31,545,714,27,26,61,157,2.0,6.0,3,28.807339449541285,26.444444444444443,20.185185185185187,7.860550458715596
544,Shivam Mavi,7,150,184,8,7,16,54,1.0,0.0,4,36.0,23.0,18.75,7.36
545,Shivank Vashisht,8,174,163,16,6,12,80,2.0,6.0,5,45.97701149425287,10.1875,10.875,5.620689655172414
546,Shreshth Nirmohi,7,134,204,5,10,22,49,0.0,6.0,2,36.56716417910448,40.8,26.8,9.134328358208956
547,Shreyas Gopal,28,525,563,39,28,34,215,5.0,12.0,5,40.95238095238095,14.435897435897436,13.461538461538462,6.434285714285714
548,Shubham Chaubey,2,18,30,0,1,2,1,0.0,0.0,0,5.555555555555555,,,10.0
549,Shubham Pundir,1,20,19,0,0,1,3,0.0,0.0,0,15.0,,,5.7
550,Shubham Ranjane,24,367,437,16,17,27,108,1.0,6.0,3,29.427792915531338,27.3125,22.9375,7.144414168937329
551,Shubham Sharma,45,931,959,50,21,104,390,6.0,27.0,5,41.890440386680986,19.18,18.62,6.180451127819549
552,Shubham Tari,2,36,50,1,1,8,16,0.0,0.0,1,44.44444444444444,50.0,36.0,8.333333333333334
553,Shubhang Hegde,3,60,79,1,3,7,17,0.0,0.0,1,28.333333333333332,79.0,60.0,7.9
554,Sibsankar Roy,8,85,90,6,2,7,26,0.0,0.0,1,30.58823529411765,15.0,14.166666666666666,6.352941176470588
555,Siddarth Kaul,47,1053,1306,60,51,130,418,8.0,12.0,4,39.69610636277303,21.766666666666666,17.55,7.4415954415954415
556,Siddhesh Neral,1,21,10,1,0,1,12,0.0,0.0,1,57.14285714285714,10.0,21.0,2.857142857142857
557,Sijomon Joseph,5,105,128,2,6,9,33,0.0,0.0,2,31.428571428571427,64.0,52.5,7.314285714285714
558,Sinan Khadir,7,163,259,7,15,18,46,0.0,6.0,2,28.22085889570552,37.0,23.285714285714285,9.533742331288343
559,Sirla Srinivas,6,101,112,5,5,6,38,0.0,0.0,2,37.62376237623762,22.4,20.2,6.653465346534653
560,Sitesh Das,25,374,536,7,18,46,88,0.0,0.0,2,23.52941176470588,76.57142857142857,53.42857142857143,8.598930481283423
561,Skalzang Kalyan,1,6,12,0,1,1,1,0.0,0.0,0,16.666666666666664,,,12.0
562,Soaeb Tai,14,215,267,13,12,15,61,1.0,5.0,3,28.37209302325581,20.53846153846154,16.53846153846154,7.4511627906976745
563,Sohraab Dhaliwal,5,42,71,0,4,7,14,0.0,0.0,0,33.33333333333333,,,10.142857142857142
564,Somnath Soni,1,6,15,1,0,3,1,0.0,0.0,1,16.666666666666664,15.0,6.0,15.0
565,Soubhagya Rout,3,73,87,5,3,7,22,1.0,0.0,3,30.136986301369863,17.4,14.6,7.1506849315068495
566,Sourabh Majumdar,1,6,14,1,0,3,1,0.0,0.0,1,16.666666666666664,14.0,6.0,14.0
567,Sourav Dey,3,50,52,1,1,3,13,0.0,0.0,1,26.0,52.0,50.0,6.24
568,Soyeb Sopariya,4,90,100,3,5,7,42,0.0,6.0,1,46.666666666666664,33.333333333333336,30.0,6.666666666666667
569,Srinivas Fadte,5,62,88,2,6,7,23,0.0,0.0,1,37.096774193548384,44.0,31.0,8.516129032258064
570,Subham Ghosh,26,550,630,28,17,67,201,3.0,0.0,5,36.54545454545455,22.5,19.642857142857142,6.872727272727273
571,Subham Nayak,1,18,18,1,0,1,5,0.0,0.0,1,27.77777777777778,18.0,18.0,6.0
572,Subramanian Anand,1,13,13,2,0,3,8,0.0,0.0,2,61.53846153846154,6.5,6.5,6.0
573,Sudip Chatterjee,14,260,254,15,6,18,107,1.0,0.0,3,41.15384615384615,16.933333333333334,17.333333333333332,5.861538461538461
574,Sujit Nayak,5,78,70,2,3,2,33,0.0,0.0,1,42.30769230769231,35.0,39.0,5.384615384615385
575,Sumeet Verma,1,12,14,0,0,1,2,0.0,0.0,0,16.666666666666664,,,7.0
576,Sumit Ghadigaonkar,7,118,175,7,8,18,42,1.0,0.0,3,35.59322033898305,25.0,16.857142857142858,8.898305084745763
577,Sunil Roul,2,30,56,0,2,8,7,0.0,0.0,0,23.333333333333332,,,11.2
578,Supriyo Chakraborty,13,269,319,6,12,20,81,0.0,0.0,1,30.111524163568777,53.166666666666664,44.833333333333336,7.115241635687732
579,Suraj Kashyap,7,128,144,6,5,9,42,0.0,0.0,2,32.8125,24.0,21.333333333333332,6.75
580,Surendra Malviya,1,27,48,0,3,4,5,0.0,0.0,0,18.51851851851852,,,10.666666666666666
581,Suresh Vishweshwar,2,48,58,0,2,5,14,0.0,0.0,0,29.166666666666668,,,7.25
582,Susheel Kumar,79,1431,1707,73,71,117,480,8.0,18.0,5,33.542976939203356,23.383561643835616,19.602739726027398,7.1572327044025155
583,Suyash Prabhudessai,17,264,379,9,13,41,72,1.0,0.0,3,27.27272727272727,42.111111111111114,29.333333333333332,8.613636363636363
584,Swapnil Singh,91,1916,2239,86,93,180,717,3.0,30.0,3,37.421711899791234,26.03488372093023,22.27906976744186,7.011482254697286
585,Swarupam Purkayastha,6,98,132,7,3,16,33,1.0,0.0,3,33.6734693877551,18.857142857142858,14.0,8.081632653061224
586,Swastik Samal,2,25,45,0,1,6,5,0.0,0.0,0,20.0,,,10.8
587,Syed Sagar,4,70,81,1,2,7,19,0.0,0.0,1,27.142857142857142,81.0,70.0,6.942857142857143
588,T Natarajan,34,589,794,24,29,70,186,4.0,6.0,3,31.57894736842105,33.083333333333336,24.541666666666668,8.088285229202038
589,TC Vanlalremruata,3,60,71,3,2,2,14,0.0,0.0,2,23.333333333333332,23.666666666666668,20.0,7.1
590,Tahmeed Rahman,21,346,475,12,26,32,103,0.0,0.0,2,29.76878612716763,39.583333333333336,28.833333333333332,8.236994219653178
591,Tana Teti,1,8,28,0,4,1,1,0.0,0.0,0,12.5,,,21.0
592,Tanay Thyagarajan,16,345,362,9,16,18,119,0.0,6.0,2,34.492753623188406,40.22222222222222,38.333333333333336,6.2956521739130435
593,Tanush Kotian,12,255,228,16,8,15,107,3.0,6.0,4,41.96078431372549,14.25,15.9375,5.364705882352941
594,Tanveer Ul-Haq,12,242,232,13,6,24,110,2.0,12.0,4,45.45454545454545,17.846153846153847,18.615384615384617,5.75206611570248
595,Tarani Sa,2,37,55,2,1,7,8,0.0,0.0,2,21.62162162162162,27.5,18.5,8.91891891891892
596,Taranjitsingh Dhillon,2,48,51,3,3,3,22,0.0,0.0,2,45.83333333333333,17.0,16.0,6.375
597,Tashi Bhalla,2,19,50,0,6,2,5,0.0,0.0,0,26.31578947368421,,,15.789473684210526
598,Techi Doria,9,151,179,7,9,7,36,2.0,0.0,3,23.841059602649008,25.571428571428573,21.571428571428573,7.112582781456954
599,Techi Neri,11,204,264,3,8,24,63,0.0,0.0,1,30.88235294117647,88.0,68.0,7.764705882352941
600,Tejas Baroka,2,18,45,0,4,3,3,0.0,0.0,0,16.666666666666664,,,15.0
601,Thomas Moirangthem,4,68,81,4,4,8,31,1.0,0.0,3,45.588235294117645,20.25,17.0,7.147058823529412
602,Tilak Varma,8,115,151,5,5,14,33,0.0,0.0,2,28.695652173913043,30.2,23.0,7.878260869565217
603,Tripurana Vijay,3,54,90,3,6,6,15,0.0,0.0,2,27.77777777777778,30.0,18.0,10.0
604,Tukuna Sahoo,4,60,63,2,1,3,16,0.0,0.0,2,26.666666666666668,31.5,30.0,6.3
605,Tushar Deshpande,37,753,927,53,34,94,284,8.0,18.0,4,37.71580345285525,17.49056603773585,14.20754716981132,7.386454183266932
606,U U Bose,5,50,68,2,3,3,12,0.0,0.0,1,24.0,34.0,25.0,8.16
607,Umar Alam,3,67,66,5,3,5,30,0.0,0.0,2,44.776119402985074,13.2,13.4,5.91044776119403
608,Umar Nazir,9,197,258,6,10,30,70,0.0,0.0,2,35.53299492385787,43.0,32.833333333333336,7.8578680203045685
609,Umran Malik,7,174,176,13,3,22,74,3.0,0.0,4,42.5287356321839,13.538461538461538,13.384615384615385,6.068965517241379
610,Unnikrishnan Manukrishnan,14,307,333,19,8,35,128,3.0,0.0,3,41.69381107491857,17.526315789473685,16.157894736842106,6.50814332247557
611,Upendra Yadav,12,255,270,8,8,29,105,1.0,0.0,3,41.17647058823529,33.75,31.875,6.352941176470588
612,V Athisayaraj Davidson,9,190,222,12,4,24,59,1.0,0.0,5,31.05263157894737,18.5,15.833333333333334,7.010526315789473
613,V Dhaka,1,18,22,0,2,0,6,0.0,0.0,0,33.33333333333333,,,7.333333333333333
614,V Tokas,3,38,64,2,2,9,13,0.0,1.0,2,34.21052631578947,32.0,19.0,10.105263157894736
615,VA Jagadeesh,7,116,138,6,5,8,32,0.0,0.0,2,27.586206896551722,23.0,19.333333333333332,7.137931034482759
616,VR Aaron,22,482,669,26,28,79,187,3.0,6.0,3,38.796680497925315,25.73076923076923,18.53846153846154,8.32780082987552
617,VV Gite,7,130,169,6,6,19,45,0.0,1.0,2,34.61538461538461,28.166666666666668,21.666666666666668,7.8
618,Vaibhav Arora,5,120,122,7,4,16,61,1.0,6.0,3,50.83333333333333,17.428571428571427,17.142857142857142,6.1
619,Vaibhav Govekar,1,2,2,0,0,0,0,0.0,0.0,0,0.0,,,6.0
620,Vaisakh Chandran,5,63,86,3,4,7,16,0.0,0.0,1,25.396825396825395,28.666666666666668,21.0,8.19047619047619
621,Varun Choudhary,23,514,652,27,25,60,174,2.0,0.0,3,33.85214007782101,24.14814814814815,19.037037037037038,7.610894941634241
622,Varun Nayanar,3,73,78,5,3,4,24,0.0,0.0,2,32.87671232876712,15.6,14.6,6.410958904109589
623,Vasuki Koushik,24,545,669,29,26,68,215,3.0,7.0,4,39.44954128440367,23.06896551724138,18.79310344827586,7.365137614678899
624,Venkatesh Iyer,30,471,531,19,23,43,174,0.0,18.0,2,36.94267515923567,27.94736842105263,24.789473684210527,6.764331210191083
625,Vidwath Kaverappa,4,85,83,5,3,9,42,1.0,0.0,3,49.411764705882355,16.6,17.0,5.858823529411764
626,Vignesh Kannan,1,25,39,1,4,1,8,0.0,0.0,1,32.0,39.0,25.0,9.36
627,Vijay Shankar,15,202,230,6,6,26,79,1.0,0.0,3,39.10891089108911,38.333333333333336,33.666666666666664,6.8316831683168315
628,Vijaykumar Vyshak,10,223,303,11,12,33,82,2.0,0.0,3,36.771300448430495,27.545454545454547,20.272727272727273,8.152466367713005
629,Vikas Hathwala,3,54,54,1,1,5,21,0.0,0.0,1,38.88888888888889,54.0,54.0,6.0
630,Vikas Yadav,20,466,497,20,18,28,153,2.0,0.0,5,32.83261802575107,24.85,23.3,6.399141630901288
631,Viki Saha,12,239,256,9,13,17,102,0.0,6.0,2,42.67782426778243,28.444444444444443,26.555555555555557,6.426778242677824
632,Vinod Kumar,12,241,326,4,6,42,75,0.0,0.0,2,31.12033195020747,81.5,60.25,8.116182572614107
633,Vinoop Manoharan,6,114,147,7,8,8,35,0.0,0.0,2,30.701754385964914,21.0,16.285714285714285,7.7368421052631575
634,Vishal Jayswal,2,24,50,2,1,8,4,0.0,0.0,2,16.666666666666664,25.0,12.0,12.5
635,Vishnu Solanki,1,6,9,0,0,1,1,0.0,0.0,0,16.666666666666664,,,9.0
636,Vishnu Vinod,2,20,23,0,0,2,5,0.0,0.0,0,25.0,,,6.9
637,Vivek Singh,31,612,758,17,36,68,228,1.0,0.0,3,37.254901960784316,44.588235294117645,36.0,7.431372549019608
638,Vivrant Sharma,1,18,29,0,1,4,6,0.0,0.0,0,33.33333333333333,,,9.666666666666666
639,Waseem Raza,14,256,336,11,18,19,79,1.0,0.0,4,30.859375,30.545454545454547,23.272727272727273,7.875
640,Washington Sundar,27,578,574,21,22,37,237,2.0,0.0,3,41.003460207612456,27.333333333333332,27.523809523809526,5.958477508650519
641,YD Gardharia,1,13,27,0,3,1,4,0.0,0.0,0,30.76923076923077,,,12.461538461538462
642,YK Pathan,7,92,96,5,3,6,29,0.0,0.0,2,31.521739130434785,19.2,18.4,6.260869565217392
643,Yab Niya,9,131,212,2,8,23,41,0.0,0.0,1,31.297709923664126,106.0,65.5,9.709923664122137
644,Yara Sandeep,21,266,292,7,9,16,81,0.0,0.0,2,30.451127819548873,41.714285714285715,38.0,6.586466165413534
645,Yash Dayal,33,639,717,27,28,68,246,0.0,0.0,2,38.497652582159624,26.555555555555557,23.666666666666668,6.732394366197183
646,Yashasvi Jaiswal,4,25,34,1,1,4,9,0.0,0.0,1,36.0,34.0,25.0,8.16
647,Yashu Sharma,2,42,43,1,1,4,16,0.0,0.0,1,38.095238095238095,43.0,42.0,6.142857142857143
648,Yorjum Sera,2,28,53,0,3,5,7,0.0,0.0,0,25.0,,,11.357142857142858
649,Yuvraj Chaudhary,31,618,723,26,25,75,235,3.0,19.0,3,38.02588996763754,27.807692307692307,23.76923076923077,7.019417475728155
650,Yuvraj Chudasama,9,159,198,7,5,19,47,0.0,0.0,2,29.559748427672954,28.285714285714285,22.714285714285715,7.471698113207547
651,Yuvraj Singh,39,633,763,31,30,75,245,5.0,18.0,4,38.70458135860979,24.612903225806452,20.419354838709676,7.232227488151659
652,Yuzvendra Chahal,33,685,803,27,37,56,252,3.0,11.0,4,36.78832116788321,29.74074074074074,25.37037037037037,7.033576642335767
653,Zahoor Sofi,4,57,74,2,3,7,20,0.0,0.0,1,35.08771929824561,37.0,28.5,7.7894736842105265
654,Zeeshan Ansari,1,25,31,0,0,4,7,0.0,0.0,0,28.000000000000004,,,7.44
